"ID","y"
1,86.1435623168945
2,86.5714645385742
3,78.2905426025391
4,75.494987487793
5,113.977203369141
8,93.9160385131836
10,113.370414733887
11,88.1817932128906
12,116.219314575195
14,90.5010299682617
15,113.547859191895
16,108.80753326416
17,93.0015335083008
19,91.2017211914062
20,108.85620880127
21,98.2313995361328
22,114.303863525391
23,93.0015335083008
26,93.3908843994141
28,95.7815322875977
29,93.0015335083008
33,93.0015335083008
35,102.888633728027
41,94.2382278442383
42,90.9784469604492
43,118.780197143555
45,102.620460510254
46,103.21614074707
51,88.1243438720703
53,75.8997955322266
55,120.719833374023
56,94.6329345703125
57,105.320419311523
58,96.7717437744141
59,106.205230712891
63,110.74178314209
64,90.6168212890625
65,103.361526489258
69,90.2163848876953
71,100.31192779541
72,102.429389953613
73,87.8374862670898
76,103.041946411133
77,109.621520996094
78,116.193046569824
82,94.0259475708008
83,103.361526489258
84,94.9011459350586
85,100.371681213379
87,118.354949951172
88,94.2382278442383
89,112.070106506348
91,97.3598937988281
93,98.0829772949219
94,118.555709838867
95,87.7891159057617
96,113.513740539551
97,95.9790115356445
98,114.325653076172
99,96.2190780639648
101,100.979972839355
103,112.070106506348
104,89.9146575927734
105,114.440406799316
110,91.8367156982422
111,118.08536529541
113,118.205963134766
114,91.2575836181641
115,116.392913818359
117,112.070106506348
120,95.421501159668
121,110.082077026367
122,103.59880065918
123,117.177375793457
126,116.025093078613
132,115.518684387207
135,105.865013122559
137,103.580368041992
138,90.4965133666992
140,89.6793212890625
142,113.78182220459
144,119.00390625
148,90.2985229492188
149,112.474624633789
155,104.192916870117
156,115.249435424805
157,95.9790115356445
162,112.777717590332
163,94.8887939453125
167,91.8099975585938
172,118.780197143555
179,120.33674621582
180,98.2277221679688
181,113.724067687988
182,89.0174942016602
183,112.070106506348
185,112.070106506348
187,112.76309967041
188,94.4075164794922
189,90.5921401977539
191,94.6471862792969
192,110.409629821777
193,90.9066314697266
194,111.707328796387
195,92.6428909301758
196,108.255523681641
198,98.2154769897461
199,115.433517456055
201,105.940078735352
204,95.2507629394531
205,110.138450622559
206,96.5514678955078
210,91.2046508789062
211,100.979972839355
216,116.097534179688
219,116.219314575195
220,93.8728790283203
221,110.531723022461
226,113.724067687988
227,91.8297729492188
228,117.355041503906
230,114.822128295898
231,95.9790115356445
235,117.173767089844
236,88.5326919555664
238,112.692901611328
242,105.914016723633
243,98.6572494506836
244,79.9448928833008
245,106.793174743652
247,116.163452148438
248,109.345924377441
249,90.8411026000977
250,115.976219177246
251,88.5326919555664
253,117.173767089844
254,89.8591613769531
256,92.1985778808594
257,95.3297576904297
258,118.673400878906
259,95.4365997314453
262,77.9680023193359
266,93.7711639404297
267,114.900321960449
272,99.8293075561523
273,112.070106506348
275,98.2202377319336
276,127.341407775879
279,91.1238784790039
280,103.361526489258
283,91.012580871582
285,138.142974853516
288,112.070106506348
289,91.0913467407227
290,105.461631774902
291,91.7244262695312
292,117.432800292969
293,112.33757019043
296,99.0323181152344
297,113.113006591797
298,115.847267150879
299,94.0259475708008
304,88.3755187988281
305,89.2628555297852
306,88.7992477416992
307,107.614974975586
311,111.627555847168
313,113.97142791748
314,87.5008697509766
316,91.3701553344727
324,95.7489318847656
327,87.484489440918
329,89.1000442504883
330,112.292114257812
337,109.937355041504
338,90.6001434326172
339,106.26537322998
340,87.8014450073242
343,92.4212493896484
345,115.804847717285
346,91.1747207641602
347,117.285865783691
349,118.754585266113
350,91.9058151245117
352,117.694404602051
353,90.4712753295898
354,76.9028015136719
357,89.1347122192383
358,118.416145324707
362,110.528594970703
364,121.467826843262
365,102.99536895752
366,93.9099960327148
367,110.450088500977
368,92.3348617553711
370,78.7442474365234
373,94.7597961425781
377,92.5098495483398
378,110.698043823242
382,103.041946411133
384,117.355041503906
390,89.0266647338867
392,113.966720581055
393,114.47730255127
395,88.5398254394531
396,103.434989929199
399,81.305534362793
406,113.97142791748
408,113.97142791748
409,94.2238311767578
410,77.9843444824219
412,117.44319152832
413,96.20263671875
419,91.0580368041992
420,112.974395751953
421,91.6152877807617
430,114.443550109863
434,92.0442047119141
436,92.7962875366211
437,89.4966659545898
438,91.1148376464844
439,112.276390075684
440,92.9068222045898
443,111.335479736328
446,91.8114547729492
448,91.4552001953125
452,90.3897705078125
453,103.807693481445
457,103.683601379395
458,93.8414916992188
459,116.062385559082
460,100.027626037598
462,106.572761535645
464,102.553718566895
465,116.219314575195
467,128.339660644531
471,115.338287353516
472,76.7119216918945
473,94.5658874511719
475,93.6440505981445
480,95.611457824707
488,111.098831176758
490,107.614974975586
491,102.48356628418
492,79.7513122558594
493,93.0805053710938
497,89.4499206542969
498,116.170852661133
499,115.428497314453
500,108.37385559082
501,93.4020233154297
502,110.732635498047
506,78.2833709716797
510,108.656211853027
511,92.1109619140625
512,91.5980606079102
516,92.0739135742188
518,94.4387435913086
519,115.723876953125
521,88.0583343505859
522,111.304222106934
526,115.521286010742
529,96.6268310546875
532,114.084167480469
533,99.2292633056641
536,115.007705688477
537,108.142196655273
539,90.2795715332031
540,100.786689758301
541,95.3233642578125
543,90.1526718139648
546,116.505752563477
547,92.7270965576172
548,78.9669876098633
551,90.5279235839844
552,103.64185333252
556,106.036544799805
557,90.5257720947266
558,110.450088500977
559,90.6420669555664
560,108.109977722168
562,110.371978759766
566,88.9983749389648
570,116.170852661133
571,89.4966659545898
572,103.361526489258
573,93.6032409667969
575,116.219314575195
576,121.887153625488
577,95.213623046875
579,95.3760223388672
580,118.263008117676
581,115.873962402344
589,107.614974975586
591,103.800476074219
593,92.8454284667969
594,102.522048950195
595,98.2812271118164
598,89.0669479370117
602,117.975296020508
604,116.840492248535
606,122.468399047852
608,95.3480911254883
609,100.979972839355
610,87.5458984375
616,113.618118286133
617,90.1546859741211
618,104.522758483887
620,103.38697052002
622,114.745452880859
623,124.583129882812
624,147.274398803711
626,112.81510925293
628,117.667907714844
629,94.6799240112305
630,114.822128295898
637,90.3695755004883
638,100.620025634766
643,96.2254333496094
645,95.611457824707
646,119.493347167969
648,101.437774658203
652,89.8019943237305
653,94.735481262207
654,116.170852661133
656,119.17936706543
657,92.7895050048828
659,95.5513610839844
660,104.187370300293
663,89.5160522460938
664,115.167823791504
666,108.641159057617
668,115.746070861816
669,92.9458618164062
671,94.8411026000977
675,87.2427444458008
677,88.2368621826172
678,107.519577026367
679,103.076583862305
682,88.7073059082031
685,104.682418823242
687,92.1315155029297
688,89.5031127929688
693,114.647102355957
696,85.1937637329102
698,97.1005935668945
701,107.366752624512
704,109.723098754883
705,117.328109741211
709,115.424385070801
710,93.2939682006836
711,112.213844299316
712,95.1807632446289
714,112.853828430176
715,89.2933502197266
716,108.112632751465
717,95.1680297851562
720,113.760681152344
721,95.2279434204102
724,97.9193725585938
725,87.1831512451172
726,112.961158752441
728,115.887634277344
731,100.363334655762
734,106.560562133789
738,101.611663818359
745,110.642807006836
746,88.9169387817383
751,80.3689117431641
754,95.1081924438477
756,92.1813125610352
758,94.6180725097656
759,121.962471008301
761,115.211494445801
766,93.2917251586914
767,121.621246337891
768,122.97696685791
769,115.759963989258
770,100.077896118164
771,78.7016525268555
772,103.562065124512
773,90.095817565918
774,116.358085632324
776,116.657073974609
777,101.837356567383
780,118.673767089844
782,105.649871826172
787,107.467849731445
788,89.9011383056641
792,116.022384643555
793,115.458145141602
798,90.9531784057617
800,106.320693969727
806,108.112632751465
809,112.990997314453
811,113.51789855957
812,92.4829177856445
814,114.262245178223
816,104.591133117676
817,89.5079040527344
818,118.485626220703
820,123.353950500488
823,92.8184127807617
829,95.998291015625
830,114.783645629883
831,89.6282501220703
834,111.214134216309
839,90.6765060424805
841,76.5393676757812
844,105.262344360352
845,89.4417037963867
848,89.4314727783203
850,95.2421264648438
851,100.710090637207
852,99.0426864624023
854,91.1247711181641
855,89.8765029907227
856,98.1360549926758
859,100.324676513672
861,116.358085632324
864,87.6503677368164
865,116.823867797852
866,90.3720779418945
867,88.2420425415039
869,91.5309600830078
871,94.999870300293
872,108.112632751465
882,105.640434265137
883,90.7224426269531
885,93.7617797851562
888,86.9501876831055
893,114.194297790527
901,106.049324035645
903,107.346748352051
904,91.7594223022461
905,98.8384552001953
910,92.2771911621094
911,109.267463684082
914,111.414108276367
918,115.207984924316
921,96.3857650756836
928,92.0130386352539
929,100.858749389648
932,90.3447570800781
933,130.105117797852
934,92.2771911621094
935,116.765686035156
937,79.4695434570312
939,94.3960647583008
940,99.5185241699219
941,97.9654159545898
942,105.456817626953
943,94.9550018310547
944,100.154281616211
947,108.112632751465
949,113.575988769531
951,110.922500610352
952,91.2523727416992
953,107.346748352051
954,76.8926467895508
957,116.45858001709
959,96.2629852294922
960,120.702323913574
963,114.262245178223
965,108.112632751465
967,102.121688842773
971,90.8896560668945
972,78.4916915893555
973,96.0023040771484
974,116.768257141113
975,94.7538681030273
978,126.224151611328
980,117.424476623535
981,93.1054840087891
984,117.720191955566
986,92.2771911621094
988,122.97696685791
989,118.817893981934
990,99.7822189331055
992,106.049324035645
996,89.1820831298828
999,115.685859680176
1000,94.3091430664062
1001,116.823867797852
1002,115.208099365234
1003,116.657073974609
1004,92.0428771972656
1008,110.89754486084
1009,96.0450820922852
1010,113.250389099121
1012,118.457130432129
1013,84.0143356323242
1014,124.498847961426
1015,92.2905349731445
1016,113.549240112305
1019,107.153144836426
1020,111.539978027344
1021,92.2771911621094
1022,106.864051818848
1024,92.2771911621094
1025,76.0990524291992
1027,89.5598449707031
1028,104.215301513672
1029,101.564025878906
1030,93.299430847168
1033,117.170433044434
1036,91.4146499633789
1037,108.561264038086
1038,90.7792510986328
1042,94.3960647583008
1043,103.131439208984
1044,87.3451080322266
1045,114.08869934082
1047,115.205078125
1050,91.0643920898438
1051,108.085205078125
1054,93.1413116455078
1056,93.1054840087891
1057,93.5378189086914
1059,92.1801910400391
1062,108.36939239502
1063,107.202842712402
1064,93.1054840087891
1066,88.8437347412109
1070,102.795944213867
1076,113.316108703613
1077,114.512496948242
1078,112.956489562988
1080,112.903945922852
1082,115.190376281738
1083,87.2909851074219
1089,109.942718505859
1091,87.2329635620117
1093,92.6393280029297
1097,92.2550659179688
1099,92.661376953125
1101,92.8615188598633
1103,96.6831283569336
1104,113.368438720703
1106,111.71044921875
1109,95.9680404663086
1110,115.62663269043
1111,91.4864273071289
1112,117.529655456543
1114,88.2357635498047
1116,115.755653381348
1117,111.042503356934
1120,92.7001419067383
1124,117.795944213867
1125,96.0389251708984
1126,116.507255554199
1134,114.820625305176
1137,92.2896423339844
1138,118.43196105957
1144,110.078224182129
1145,97.1858291625977
1146,87.1850738525391
1148,96.1880111694336
1150,94.2485961914062
1152,104.319969177246
1153,87.9075317382812
1154,100.694946289062
1155,95.80517578125
1157,93.7493209838867
1162,95.4236068725586
1165,115.315391540527
1166,91.7731399536133
1167,104.450660705566
1168,93.0293350219727
1169,98.9624481201172
1171,115.818794250488
1172,91.9778442382812
1173,98.9624481201172
1174,89.8151626586914
1176,90.2080154418945
1177,99.1072769165039
1178,88.3972320556641
1182,115.242233276367
1186,95.8621215820312
1187,118.279823303223
1188,89.4220199584961
1189,118.459716796875
1191,98.4087142944336
1192,92.4928512573242
1197,107.50399017334
1198,97.9550857543945
1200,76.5675964355469
1201,91.9273300170898
1203,95.5261459350586
1209,115.852157592773
1214,96.8886260986328
1218,110.536308288574
1222,91.7215423583984
1226,92.7760696411133
1228,85.5132141113281
1230,94.8761138916016
1232,78.2883529663086
1233,110.282379150391
1236,115.824241638184
1238,101.618995666504
1241,110.078224182129
1244,101.949661254883
1246,94.5541915893555
1247,116.021453857422
1250,116.226066589355
1251,92.8735046386719
1254,111.574584960938
1255,92.6042098999023
1256,109.403770446777
1257,93.9921875
1258,94.8863754272461
1259,109.116752624512
1260,91.9518508911133
1263,112.126777648926
1267,83.3970413208008
1268,108.682647705078
1271,92.8889846801758
1272,115.645347595215
1274,105.710716247559
1275,95.4236068725586
1276,109.536254882812
1277,91.853889465332
1279,87.1850738525391
1281,93.8136596679688
1282,89.4220199584961
1283,121.079750061035
1285,117.040802001953
1286,93.2005386352539
1289,116.297065734863
1296,116.137886047363
1299,94.53125
1301,89.4665222167969
1306,89.4024505615234
1307,91.0408325195312
1308,89.3573989868164
1313,109.536254882812
1314,95.3261108398438
1315,115.62663269043
1316,93.0465393066406
1317,115.892707824707
1319,91.4961700439453
1323,95.8346939086914
1324,109.579772949219
1325,92.2683868408203
1328,102.447341918945
1329,96.5367431640625
1330,116.567543029785
1331,88.2391510009766
1332,102.323486328125
1337,98.4351959228516
1338,110.166053771973
1339,86.94775390625
1340,120.205665588379
1343,112.405387878418
1347,108.897743225098
1348,93.7295608520508
1349,104.543365478516
1352,88.7094650268555
1354,92.4869384765625
1359,116.34553527832
1360,90.452880859375
1363,114.222999572754
1364,86.754035949707
1365,101.960289001465
1366,92.9047546386719
1372,93.9376220703125
1375,103.6669921875
1376,92.7452011108398
1378,87.1553039550781
1379,125.057441711426
1380,90.452880859375
1381,99.6248397827148
1384,117.569465637207
1387,92.2676315307617
1388,113.409820556641
1392,80.1003036499023
1394,104.030258178711
1395,89.3471908569336
1396,114.222999572754
1398,91.858283996582
1399,114.222999572754
1400,88.1175994873047
1401,109.300003051758
1403,92.6006774902344
1404,116.850120544434
1406,114.222999572754
1407,90.163459777832
1408,112.578460693359
1410,83.2636108398438
1412,110.015365600586
1413,91.218864440918
1415,91.6289443969727
1420,112.578460693359
1422,109.806678771973
1423,113.166435241699
1424,112.578460693359
1425,94.1149215698242
1426,83.2636108398438
1427,97.2672729492188
1429,89.206184387207
1430,116.936828613281
1431,95.0780258178711
1432,99.1047973632812
1434,119.480728149414
1437,92.267951965332
1438,102.816436767578
1440,115.050788879395
1441,119.697761535645
1442,90.7730026245117
1444,114.23616027832
1445,89.8491287231445
1446,108.366706848145
1448,92.1863327026367
1453,91.2874450683594
1454,110.015365600586
1455,94.9875335693359
1456,114.105567932129
1458,110.015365600586
1459,92.3162612915039
1461,95.1801681518555
1465,92.2676315307617
1466,113.560066223145
1469,93.130744934082
1472,91.2874450683594
1474,128.681610107422
1477,110.23999786377
1479,111.22615814209
1482,91.8155746459961
1483,76.6510772705078
1487,90.0342330932617
1488,115.079284667969
1490,113.29377746582
1492,115.943969726562
1494,117.673286437988
1496,101.062629699707
1497,92.6459579467773
1499,94.7230682373047
1502,94.5742034912109
1507,115.361465454102
1508,88.7094650268555
1509,114.249877929688
1511,91.8616180419922
1512,112.678649902344
1513,115.239944458008
1514,104.799827575684
1518,113.555252075195
1519,93.3051605224609
1522,117.628517150879
1524,75.7700805664062
1527,90.7730026245117
1529,107.265464782715
1532,104.774833679199
1536,114.104919433594
1537,115.81812286377
1539,104.59610748291
1542,122.251968383789
1543,92.7452011108398
1544,102.319381713867
1545,75.4809036254883
1550,90.5933837890625
1551,108.162399291992
1554,108.762733459473
1556,121.618362426758
1559,93.5170974731445
1560,77.9359664916992
1562,96.7108612060547
1566,93.5294418334961
1567,115.020217895508
1569,105.238639831543
1570,114.75952911377
1571,114.204147338867
1574,88.7094650268555
1578,104.284072875977
1580,88.4598159790039
1583,111.304679870605
1584,88.7094650268555
1585,117.776458740234
1586,94.6323699951172
1587,118.154335021973
1588,97.6579666137695
1590,117.207168579102
1592,104.918968200684
1596,131.556350708008
1598,113.200485229492
1599,91.7333831787109
1604,120.645462036133
1606,101.68236541748
1607,91.218864440918
1608,100.168411254883
1609,116.078323364258
1611,88.7661514282227
1613,92.8189544677734
1616,89.3581085205078
1619,111.182731628418
1620,98.3844375610352
1621,113.809494018555
1622,90.8184204101562
1625,107.638206481934
1627,116.078323364258
1629,110.696624755859
1634,93.0102081298828
1636,94.416877746582
1638,101.043907165527
1639,95.0627975463867
1641,98.1250152587891
1643,89.8416442871094
1644,102.961853027344
1645,119.000671386719
1646,91.7654571533203
1647,108.456367492676
1648,117.941368103027
1652,88.4598159790039
1653,115.979774475098
1656,94.7824783325195
1658,91.7333831787109
1659,111.14965057373
1661,93.8809509277344
1663,91.218864440918
1664,110.103866577148
1665,95.226203918457
1666,121.618362426758
1667,103.357872009277
1668,77.8432235717773
1669,102.500198364258
1670,94.9945602416992
1672,114.637992858887
1674,125.919998168945
1677,115.079284667969
1678,120.736022949219
1679,115.618385314941
1680,94.7618103027344
1683,99.4947052001953
1686,103.339042663574
1687,112.146171569824
1689,111.197372436523
1690,98.5332412719727
1691,115.556083679199
1692,116.259071350098
1693,88.7094650268555
1695,93.2819213867188
1696,91.2874450683594
1697,111.401481628418
1700,121.618362426758
1701,90.7914276123047
1702,115.090805053711
1703,124.006134033203
1704,118.485504150391
1706,91.9715728759766
1707,119.460029602051
1708,98.5178146362305
1710,93.1597671508789
1711,101.096687316895
1713,105.638450622559
1717,100.073387145996
1719,104.284072875977
1720,90.9065780639648
1722,91.7971954345703
1725,100.390579223633
1726,97.1424560546875
1727,100.981666564941
1729,115.657608032227
1730,88.064094543457
1731,113.269882202148
1733,121.618362426758
1734,89.8521270751953
1735,109.806678771973
1738,92.8189544677734
1742,96.7001647949219
1745,125.919998168945
1747,90.1982955932617
1749,110.855598449707
1751,94.6890411376953
1752,75.3957366943359
1753,104.08235168457
1754,93.5333633422852
1755,93.3155059814453
1756,105.023040771484
1758,116.88175201416
1759,104.006759643555
1760,107.991668701172
1761,115.361625671387
1762,91.2755355834961
1763,108.020080566406
1764,90.0019073486328
1766,94.9977493286133
1768,96.8389739990234
1769,81.2101745605469
1771,117.716697692871
1772,93.487907409668
1773,101.032035827637
1774,92.2439804077148
1775,119.969337463379
1777,118.056144714355
1779,104.006759643555
1780,106.516426086426
1787,124.006134033203
1788,90.8755569458008
1790,110.283699035645
1796,114.871482849121
1801,92.5392227172852
1803,117.243499755859
1807,114.922943115234
1809,117.865425109863
1812,93.3472518920898
1813,116.423645019531
1814,92.7317123413086
1815,121.873603820801
1816,97.7764205932617
1818,96.7350616455078
1820,93.7240295410156
1821,116.013549804688
1822,92.5740051269531
1825,104.842872619629
1826,100.58097076416
1828,97.9716262817383
1831,105.250343322754
1836,117.62580871582
1837,95.5500335693359
1841,138.666381835938
1844,102.557052612305
1848,88.3542709350586
1851,103.722732543945
1852,88.2689819335938
1853,112.167198181152
1854,115.163726806641
1856,88.5477752685547
1859,117.965270996094
1860,93.4275054931641
1861,77.3180084228516
1863,102.309745788574
1865,107.467010498047
1866,103.710876464844
1867,89.3036041259766
1868,117.11873626709
1872,98.8626251220703
1879,91.1762771606445
1880,102.131332397461
1882,96.8233337402344
1885,99.3042449951172
1887,106.73314666748
1888,91.2681884765625
1890,109.991806030273
1894,92.2813873291016
1895,102.869857788086
1896,99.1493988037109
1897,117.038925170898
1900,126.420600891113
1901,93.5170974731445
1902,117.754417419434
1905,94.7941207885742
1906,112.732696533203
1912,108.060943603516
1915,96.0898666381836
1916,103.41626739502
1917,94.9640426635742
1918,103.708534240723
1920,76.6698303222656
1923,96.1246185302734
1924,102.442779541016
1925,116.03197479248
1930,115.88786315918
1932,112.677398681641
1933,90.4350738525391
1934,107.124603271484
1935,93.3940048217773
1940,83.551383972168
1941,93.0154571533203
1942,112.952415466309
1943,93.7357864379883
1944,89.7097778320312
1945,118.05517578125
1948,115.627662658691
1949,90.8176879882812
1952,94.940071105957
1954,88.7094650268555
1955,108.88404083252
1958,93.4176025390625
1959,75.5094375610352
1960,108.020080566406
1963,91.8954162597656
1965,90.8297958374023
1968,100.40364074707
1969,86.754035949707
1971,91.6202774047852
1972,114.914863586426
1973,96.1665496826172
1975,93.6251602172852
1977,92.1775665283203
1978,94.7285842895508
1979,116.397872924805
1981,93.5191116333008
1982,115.190658569336
1987,115.441284179688
1988,93.5294418334961
1993,96.900749206543
1997,91.2599258422852
1999,94.408805847168
2001,92.5607376098633
2002,112.669761657715
2003,96.1393127441406
2004,77.1525955200195
2006,114.896461486816
2007,87.9225234985352
2009,110.625907897949
2010,92.3012924194336
2013,98.4678344726562
2018,76.9734115600586
2022,104.470771789551
2024,112.155075073242
2025,91.5898132324219
2026,103.224784851074
2030,111.987571716309
2031,92.035774230957
2032,108.060943603516
2033,109.106399536133
2035,91.2061157226562
2036,115.729553222656
2037,107.758087158203
2040,92.3373794555664
2043,115.24462890625
2044,103.922256469727
2046,100.41194152832
2054,117.509567260742
2055,92.7776718139648
2056,106.516426086426
2059,91.0661239624023
2060,93.5170974731445
2062,91.7947387695312
2063,112.653961181641
2066,92.2813873291016
2067,107.855369567871
2072,100.852447509766
2073,115.250770568848
2074,98.5075378417969
2075,121.035202026367
2076,91.9163055419922
2080,92.4845962524414
2082,93.5170974731445
2085,111.042007446289
2087,115.795333862305
2091,121.351318359375
2092,90.8360900878906
2093,106.516426086426
2098,95.3412628173828
2101,108.020080566406
2102,97.6830902099609
2103,83.551383972168
2105,104.29126739502
2106,106.206413269043
2107,116.649215698242
2110,92.3281784057617
2114,95.2320098876953
2115,115.013313293457
2117,78.4162902832031
2118,92.9040069580078
2119,102.148574829102
2120,96.7601928710938
2122,90.6388092041016
2123,114.663391113281
2126,91.6202774047852
2127,104.910339355469
2128,135.819564819336
2129,111.537841796875
2132,96.2861404418945
2135,103.664649963379
2138,91.0951766967773
2139,115.88786315918
2141,115.59839630127
2142,94.2878189086914
2146,95.6565704345703
2151,114.680274963379
2157,106.04988861084
2159,124.010940551758
2162,97.8971939086914
2164,113.992721557617
2167,103.548110961914
2168,113.773475646973
2171,90.8460922241211
2173,93.0689544677734
2174,102.552291870117
2175,93.6881332397461
2178,89.5063705444336
2180,97.0591125488281
2185,113.673011779785
2189,94.0680694580078
2190,111.483940124512
2192,104.24405670166
2194,115.032318115234
2200,117.358703613281
2201,97.2247848510742
2203,111.111122131348
2204,95.0521011352539
2205,108.694602966309
2209,115.618995666504
2213,105.642295837402
2214,89.7575302124023
2215,116.209869384766
2216,92.6617126464844
2218,91.2588424682617
2219,106.189819335938
2220,88.732177734375
2222,93.8108673095703
2223,111.00399017334
2225,110.741561889648
2226,94.9290466308594
2230,91.4801254272461
2233,110.095336914062
2234,113.703567504883
2235,95.0521011352539
2236,77.8619232177734
2237,94.4561996459961
2240,116.868423461914
2241,94.4398422241211
2248,101.38996887207
2249,93.4190521240234
2250,117.219841003418
2252,113.194511413574
2253,96.8446273803711
2254,114.007202148438
2256,77.8226165771484
2258,89.8646926879883
2259,115.212341308594
2262,96.7797622680664
2265,91.2860870361328
2266,99.2070770263672
2269,90.0149536132812
2271,92.4374771118164
2273,108.46590423584
2274,116.32772064209
2275,92.851921081543
2277,92.9663467407227
2279,95.0521011352539
2280,78.1185150146484
2282,97.0591125488281
2283,102.971473693848
2288,102.14094543457
2289,110.914932250977
2291,116.032836914062
2292,113.864753723145
2297,90.0671615600586
2298,101.99983215332
2299,94.0212020874023
2300,113.187492370605
2301,97.7326507568359
2304,92.835334777832
2305,106.849624633789
2306,96.7797622680664
2308,91.5017395019531
2309,121.370529174805
2311,97.3148422241211
2312,96.9375228881836
2316,105.240776062012
2321,98.689697265625
2322,115.378730773926
2325,101.926048278809
2326,90.7684097290039
2329,113.864753723145
2330,89.7197570800781
2331,106.173759460449
2332,109.747695922852
2333,96.7797622680664
2334,98.6286926269531
2335,110.408996582031
2337,111.152122497559
2338,95.7582244873047
2340,109.747695922852
2342,92.016975402832
2345,109.996047973633
2349,103.023963928223
2351,79.0187759399414
2352,100.356369018555
2354,108.556312561035
2355,126.039489746094
2357,110.741561889648
2358,101.714256286621
2360,97.1422576904297
2361,108.556312561035
2364,89.197868347168
2366,97.9803466796875
2369,101.748626708984
2370,93.9847106933594
2371,109.462066650391
2373,119.124008178711
2374,91.4895629882812
2376,117.644874572754
2378,115.088500976562
2382,95.7693481445312
2383,93.8384246826172
2386,104.456405639648
2387,88.3415145874023
2389,101.85831451416
2390,110.174163818359
2392,89.8025741577148
2398,109.747695922852
2399,102.138679504395
2400,102.038566589355
2401,110.698593139648
2402,95.5154647827148
2404,95.7736282348633
2407,114.732856750488
2408,111.812561035156
2409,125.050827026367
2412,74.0201187133789
2413,91.3586120605469
2415,92.3893127441406
2420,109.932334899902
2422,92.7279663085938
2423,100.988395690918
2426,101.08203125
2432,101.564208984375
2434,86.8002166748047
2435,106.415023803711
2436,114.209747314453
2438,112.386100769043
2440,114.846244812012
2443,91.810173034668
2444,94.3488159179688
2447,101.38996887207
2450,90.48486328125
2454,91.6718292236328
2455,112.567413330078
2459,96.7797622680664
2460,107.285057067871
2463,94.5490188598633
2465,93.0731811523438
2468,82.1227493286133
2469,95.2792510986328
2474,91.7654571533203
2478,98.7460708618164
2480,94.6139602661133
2481,116.868423461914
2489,97.0591125488281
2490,112.78882598877
2492,91.5383987426758
2496,96.7797622680664
2497,129.126403808594
2500,92.1351699829102
2505,96.4139938354492
2507,90.2099533081055
2508,108.694602966309
2509,93.7335586547852
2510,78.0744094848633
2513,97.7745742797852
2515,97.0591125488281
2518,93.8384246826172
2519,112.293930053711
2520,93.8384246826172
2521,118.42227935791
2523,112.458633422852
2525,94.4964904785156
2529,107.560447692871
2530,97.3015289306641
2533,115.939910888672
2535,93.0223388671875
2538,101.97541809082
2544,112.892456054688
2553,116.117683410645
2556,89.122444152832
2558,97.5818634033203
2559,122.434600830078
2560,88.4302673339844
2561,113.329627990723
2562,88.7354888916016
2563,111.850601196289
2564,87.14208984375
2565,108.919975280762
2567,102.22290802002
2572,91.8376617431641
2575,115.580406188965
2576,125.711006164551
2577,92.6628494262695
2578,100.747337341309
2579,115.006690979004
2580,97.8179626464844
2582,119.195220947266
2583,95.2525405883789
2587,88.0006866455078
2589,115.482810974121
2590,97.3361663818359
2591,107.560447692871
2594,98.590217590332
2597,93.146484375
2598,106.436302185059
2599,90.7006530761719
2600,101.768341064453
2602,112.955383300781
2603,91.8376617431641
2604,100.511085510254
2606,113.267478942871
2607,75.9581451416016
2608,103.607933044434
2613,108.668853759766
2614,94.1001281738281
2615,115.708969116211
2617,116.127777099609
2620,90.4446182250977
2623,117.316871643066
2624,94.4132690429688
2627,108.668853759766
2629,75.9581451416016
2630,101.231834411621
2632,87.5007858276367
2636,96.5228042602539
2639,93.9440689086914
2640,105.334991455078
2642,107.560447692871
2644,105.123901367188
2646,112.96280670166
2647,96.0883865356445
2649,91.7961578369141
2650,120.993988037109
2652,121.833114624023
2653,98.5186309814453
2655,113.080047607422
2657,108.572334289551
2659,113.299530029297
2662,95.6210327148438
2663,116.842674255371
2664,91.7944717407227
2665,105.31063079834
2670,101.713531494141
2671,98.4847106933594
2672,95.9490737915039
2675,121.833114624023
2677,109.397018432617
2679,113.931274414062
2683,114.647331237793
2684,94.7618560791016
2685,94.5193328857422
2688,105.884353637695
2689,90.2340087890625
2690,100.945533752441
2693,119.982299804688
2694,110.816314697266
2697,91.5326919555664
2699,95.8816986083984
2703,97.1663208007812
2705,99.6120910644531
2709,77.0883178710938
2710,88.1517868041992
2711,112.171226501465
2712,81.5415496826172
2713,96.657356262207
2714,110.65007019043
2715,94.1333541870117
2717,101.022064208984
2718,113.526962280273
2720,114.966117858887
2721,91.2353515625
2726,93.2651138305664
2728,90.5586013793945
2731,97.9125823974609
2732,109.526931762695
2734,99.8798294067383
2736,107.411460876465
2737,89.1604537963867
2738,104.199493408203
2739,118.417434692383
2746,92.8733444213867
2749,104.106323242188
2751,118.401641845703
2752,102.472961425781
2753,94.6710205078125
2757,111.818298339844
2758,112.41967010498
2759,117.960464477539
2760,96.6184234619141
2762,116.094139099121
2764,89.9687805175781
2765,111.353141784668
2769,114.592903137207
2771,112.064575195312
2774,88.1547164916992
2776,90.0286254882812
2777,111.603355407715
2778,91.8343734741211
2779,115.847961425781
2782,100.628128051758
2784,91.6007843017578
2787,92.9553833007812
2789,91.061882019043
2792,93.8147048950195
2798,90.8092041015625
2799,104.640647888184
2800,89.3732223510742
2801,77.6637878417969
2802,95.4669036865234
2804,92.9590225219727
2807,101.313163757324
2808,93.8338241577148
2809,132.858856201172
2811,113.444534301758
2812,93.35400390625
2814,98.0984268188477
2816,91.3066864013672
2817,125.254455566406
2818,110.30500793457
2820,111.125579833984
2821,75.0610961914062
2822,98.367805480957
2823,101.235084533691
2824,93.5489807128906
2826,113.900405883789
2829,92.6144790649414
2834,93.6920394897461
2835,78.4926605224609
2838,91.3924331665039
2839,113.192512512207
2840,96.0477676391602
2841,110.597496032715
2842,95.6074600219727
2846,118.064430236816
2848,92.5567855834961
2849,87.2256546020508
2850,110.65007019043
2851,97.7682037353516
2853,97.5197830200195
2854,107.560447692871
2858,133.52995300293
2861,92.3630981445312
2864,91.8240814208984
2865,116.842674255371
2866,112.949066162109
2867,94.7201385498047
2868,119.652633666992
2870,112.525924682617
2877,94.538200378418
2878,108.668853759766
2880,116.965934753418
2882,79.8470916748047
2883,90.9979400634766
2884,98.7151641845703
2885,91.7495498657227
2887,95.8868103027344
2888,119.567916870117
2889,89.2234191894531
2890,110.861000061035
2891,97.4969863891602
2892,112.165283203125
2893,111.152549743652
2898,112.37979888916
2899,93.8566131591797
2900,112.189399719238
2901,113.044242858887
2909,89.078498840332
2910,116.241584777832
2911,110.078674316406
2913,114.757987976074
2914,89.6345520019531
2918,99.8060607910156
2919,113.765846252441
2920,91.4819793701172
2921,108.668853759766
2922,91.0601959228516
2923,101.4375
2925,114.486709594727
2926,94.8428573608398
2927,107.567794799805
2929,115.894721984863
2933,94.6764602661133
2934,117.987327575684
2936,110.516563415527
2941,103.730499267578
2942,89.0280227661133
2943,115.002044677734
2945,104.799652099609
2950,94.6271438598633
2951,117.531982421875
2953,119.406982421875
2954,90.4900588989258
2955,110.302055358887
2956,92.902961730957
2960,95.1358413696289
2962,98.7863845825195
2963,103.641983032227
2964,123.165222167969
2966,78.3276138305664
2967,96.2696533203125
2968,113.35725402832
2969,93.3759002685547
2971,90.7730026245117
2972,91.4414901733398
2974,96.1665267944336
2975,109.097206115723
2977,117.650108337402
2980,109.16162109375
2981,90.2840957641602
2983,88.6077270507812
2984,110.020538330078
2985,116.362953186035
2986,101.096206665039
2987,91.4414901733398
2989,99.2079086303711
2990,113.333381652832
2991,94.6165771484375
2992,80.9555587768555
2995,91.722900390625
2996,105.345558166504
3002,114.260215759277
3004,113.894165039062
3005,116.749336242676
3006,98.0808258056641
3010,91.6111450195312
3011,123.687942504883
3014,95.2284851074219
3015,95.5052108764648
3016,91.8521575927734
3017,120.620094299316
3018,93.9930953979492
3021,101.351654052734
3024,107.455062866211
3028,90.1410140991211
3030,93.3740463256836
3032,95.6701965332031
3039,99.1589660644531
3040,107.414207458496
3041,92.1777038574219
3043,89.6981353759766
3044,116.827079772949
3046,113.906623840332
3055,96.1435852050781
3056,113.210815429688
3058,108.204444885254
3059,114.103813171387
3061,115.821022033691
3063,99.6412353515625
3066,91.681022644043
3067,107.455062866211
3068,80.0860443115234
3069,91.3152923583984
3072,114.947982788086
3073,116.438705444336
3074,89.3571624755859
3077,93.1018371582031
3082,91.9970855712891
3084,91.722900390625
3085,119.126411437988
3088,106.14266204834
3091,90.0753326416016
3092,111.473861694336
3093,90.660041809082
3094,99.2500839233398
3096,110.038612365723
3097,87.8123245239258
3098,81.4635620117188
3102,116.066841125488
3106,87.2970886230469
3109,93.3607406616211
3111,85.9176940917969
3112,116.749336242676
3113,91.5629348754883
3115,101.016662597656
3116,116.498344421387
3117,95.8472366333008
3121,114.762481689453
3122,94.2249145507812
3123,92.8088531494141
3124,109.57299041748
3125,91.8521575927734
3126,104.529228210449
3127,115.558982849121
3129,98.9862747192383
3130,125.389060974121
3132,113.653839111328
3134,98.7924118041992
3135,95.5801773071289
3137,81.6938400268555
3138,97.0633239746094
3140,95.0367431640625
3144,115.169326782227
3145,95.0758895874023
3146,116.534484863281
3147,91.1425323486328
3148,103.179748535156
3149,109.490921020508
3150,115.280380249023
3151,94.3811569213867
3152,94.5832138061523
3155,108.910232543945
3156,112.112884521484
3159,91.4498901367188
3161,92.2212066650391
3162,106.692314147949
3163,90.7078247070312
3165,101.964431762695
3172,91.1886825561523
3173,134.491653442383
3176,87.6738204956055
3177,103.331703186035
3179,109.097206115723
3183,90.0259399414062
3186,92.9337387084961
3187,104.923011779785
3189,113.256721496582
3190,112.903457641602
3192,115.558982849121
3193,91.1886825561523
3194,116.992538452148
3197,94.0269165039062
3198,97.4446105957031
3200,97.0469589233398
3201,119.461578369141
3202,97.4446105957031
3204,95.0381164550781
3205,92.3794479370117
3206,116.987487792969
3208,101.315811157227
3210,105.146018981934
3211,88.6017227172852
3212,115.821022033691
3213,92.8067932128906
3214,107.812377929688
3216,111.879760742188
3219,94.3982849121094
3220,108.728057861328
3221,91.5629348754883
3226,111.003646850586
3227,91.3560333251953
3228,110.720123291016
3229,102.712631225586
3232,83.296760559082
3233,95.591194152832
3234,90.3610229492188
3236,94.3686981201172
3238,106.99739074707
3239,115.407096862793
3240,90.7576599121094
3247,114.881561279297
3249,100.18473815918
3252,124.072410583496
3253,95.7217407226562
3254,104.482917785645
3255,91.4245300292969
3256,110.477561950684
3257,115.740180969238
3262,89.3597717285156
3263,122.851875305176
3264,92.902961730957
3266,112.526008605957
3267,93.4543685913086
3269,92.3004379272461
3272,116.362953186035
3274,94.0269165039062
3275,108.891159057617
3277,90.6445159912109
3279,93.0274353027344
3280,100.867736816406
3283,94.1355056762695
3285,95.5535888671875
3287,89.6430892944336
3288,107.455062866211
3290,104.752967834473
3291,95.4334106445312
3298,115.073547363281
3299,90.7993774414062
3302,115.255928039551
3303,87.4352188110352
3304,104.132568359375
3307,90.6569137573242
3309,90.5455780029297
3314,78.9697723388672
3316,121.285316467285
3317,97.0469818115234
3319,92.4214477539062
3320,118.504180908203
3321,94.2326278686523
3322,102.575531005859
3324,94.7199630737305
3326,93.4840698242188
3329,112.474822998047
3330,87.376350402832
3331,116.226791381836
3335,115.108016967773
3337,90.0519714355469
3338,107.05793762207
3339,92.9550094604492
3340,112.67211151123
3341,98.3289184570312
3343,92.8156890869141
3346,114.375137329102
3348,96.1703948974609
3351,107.485313415527
3352,115.624206542969
3355,116.754501342773
3356,116.673500061035
3358,99.9713287353516
3359,88.302131652832
3360,108.787925720215
3371,116.385475158691
3372,92.8051300048828
3374,89.6666641235352
3377,112.083435058594
3378,91.4425277709961
3380,100.425170898438
3382,92.2875061035156
3386,96.1130447387695
3389,122.335571289062
3391,100.083595275879
3393,105.700347900391
3394,100.522003173828
3395,91.2959060668945
3397,108.966995239258
3398,93.7180099487305
3399,75.9603042602539
3400,94.7228088378906
3404,106.536476135254
3407,110.702575683594
3409,105.942016601562
3419,91.7321548461914
3421,97.2354583740234
3425,89.3384017944336
3427,78.3337478637695
3428,116.393203735352
3429,115.011772155762
3431,93.6088714599609
3435,94.5717926025391
3436,107.843124389648
3439,92.7673645019531
3441,90.4889831542969
3442,116.393203735352
3443,89.3543319702148
3444,100.666831970215
3445,92.5024871826172
3446,119.226402282715
3449,93.6452331542969
3453,92.1624984741211
3457,93.5745391845703
3460,114.15852355957
3461,92.0309906005859
3462,91.0421829223633
3464,99.6714859008789
3465,80.4829483032227
3466,89.9392700195312
3467,106.87671661377
3468,92.0888290405273
3469,103.011268615723
3470,99.625358581543
3472,107.858589172363
3473,93.6307830810547
3475,94.9257583618164
3476,116.007331848145
3478,103.117233276367
3479,96.5492630004883
3483,92.1449356079102
3484,102.97876739502
3485,96.2407913208008
3487,95.8485717773438
3488,114.230545043945
3496,113.750366210938
3497,97.1455001831055
3499,95.2393112182617
3500,79.5718154907227
3501,116.959030151367
3504,94.4149017333984
3508,106.944076538086
3511,92.4933242797852
3512,116.67138671875
3515,90.6861267089844
3517,97.1878204345703
3518,106.19441986084
3526,115.981155395508
3528,113.50464630127
3529,93.8540420532227
3530,118.605430603027
3531,89.7038955688477
3532,117.163970947266
3533,103.476417541504
3534,92.4422912597656
3535,77.5653686523438
3536,95.7614593505859
3537,114.163101196289
3538,92.1569595336914
3539,109.107650756836
3540,110.024642944336
3545,112.526550292969
3546,93.4983139038086
3550,109.907211303711
3551,116.819961547852
3553,90.5176773071289
3554,114.15852355957
3557,95.3584976196289
3558,118.037933349609
3559,93.6452331542969
3561,94.5572204589844
3562,108.966995239258
3563,103.05606842041
3564,107.485313415527
3565,92.5024871826172
3567,93.8135604858398
3571,107.485313415527
3572,93.3488311767578
3574,90.2936706542969
3576,94.0988311767578
3577,112.821014404297
3578,124.678276062012
3579,93.0734329223633
3583,94.1484832763672
3585,89.8969116210938
3586,103.646263122559
3587,115.190078735352
3593,90.6726989746094
3594,114.094802856445
3595,99.4413757324219
3599,93.0324630737305
3600,108.007446289062
3601,107.858589172363
3602,93.6452331542969
3604,89.8689727783203
3609,117.256591796875
3610,113.611709594727
3612,112.011421203613
3614,128.94758605957
3615,97.7248916625977
3617,93.2319183349609
3618,116.630737304688
3619,115.168678283691
3620,116.068572998047
3621,98.0125885009766
3625,102.609153747559
3626,101.428970336914
3630,104.575782775879
3631,92.6172714233398
3632,104.599639892578
3633,94.0757827758789
3634,116.820487976074
3637,94.6501541137695
3639,92.2007064819336
3640,132.47265625
3641,92.3998794555664
3644,117.724472045898
3645,93.7719345092773
3646,114.644844055176
3647,87.6991271972656
3648,107.76309967041
3653,117.945892333984
3654,98.27978515625
3655,132.579574584961
3659,105.122940063477
3660,97.3578796386719
3662,113.267402648926
3666,98.5911483764648
3668,96.5969619750977
3671,91.2032012939453
3673,92.0777587890625
3674,122.008018493652
3675,115.327339172363
3681,98.3408508300781
3682,116.244338989258
3686,106.957489013672
3687,90.2527008056641
3692,77.2519073486328
3695,117.389389038086
3696,101.613754272461
3699,114.68677520752
3705,127.438323974609
3707,83.296760559082
3708,109.878227233887
3709,117.324676513672
3710,99.0949859619141
3712,92.4100189208984
3715,118.146194458008
3716,93.0701522827148
3720,115.943992614746
3722,83.296760559082
3726,95.4706192016602
3728,90.8710327148438
3729,115.834815979004
3731,105.735252380371
3735,131.34880065918
3736,96.5900726318359
3739,102.855728149414
3741,115.416435241699
3743,102.061706542969
3744,110.283699035645
3745,116.912231445312
3746,97.9566345214844
3751,117.092697143555
3753,94.8152236938477
3760,113.334777832031
3761,123.657890319824
3762,113.14501953125
3763,94.1179504394531
3765,104.664428710938
3768,116.621063232422
3769,94.2612380981445
3770,113.973327636719
3773,112.761260986328
3774,92.9783630371094
3776,89.7089767456055
3778,90.0880813598633
3779,110.820678710938
3780,95.7954406738281
3781,113.897552490234
3782,98.1087417602539
3783,107.934204101562
3784,91.8736343383789
3786,95.050048828125
3789,111.138282775879
3790,96.4949493408203
3793,111.836441040039
3795,117.631477355957
3797,94.5878677368164
3798,116.429008483887
3800,110.870208740234
3804,98.3235168457031
3810,91.4499664306641
3815,117.016075134277
3816,98.3235168457031
3818,107.735122680664
3824,108.168701171875
3828,103.257362365723
3830,116.909729003906
3831,97.8229064941406
3832,76.7782363891602
3834,115.436294555664
3835,87.8922882080078
3836,109.551612854004
3838,92.5718765258789
3839,115.887077331543
3840,114.66682434082
3845,104.548690795898
3846,113.686683654785
3847,99.7150268554688
3849,78.7684707641602
3853,112.970031738281
3855,108.201309204102
3856,92.6235809326172
3864,78.8813552856445
3865,91.9503707885742
3866,113.777793884277
3867,101.176078796387
3868,110.870208740234
3869,91.8792190551758
3871,101.999389648438
3875,125.611000061035
3876,89.9128265380859
3878,96.0022048950195
3879,117.105972290039
3881,110.870208740234
3883,114.432151794434
3884,103.727203369141
3886,119.71053314209
3890,102.090194702148
3893,114.365089416504
3897,101.135627746582
3901,89.5544357299805
3902,108.697746276855
3913,114.134155273438
3914,89.5211639404297
3916,92.1204147338867
3917,117.489624023438
3924,101.452835083008
3925,88.6333618164062
3928,94.6049346923828
3929,113.483421325684
3932,91.4367141723633
3933,102.551246643066
3934,74.5266876220703
3935,94.8661193847656
3936,90.5310745239258
3937,115.072715759277
3938,99.5065307617188
3939,109.119331359863
3943,89.4419174194336
3944,109.535255432129
3945,115.154815673828
3946,104.432807922363
3947,121.311256408691
3948,96.7789535522461
3949,106.806938171387
3950,91.8368530273438
3951,114.244033813477
3952,91.7873458862305
3953,110.124984741211
3961,117.46159362793
3962,93.6668167114258
3966,94.3127899169922
3967,107.693130493164
3968,93.1005935668945
3969,118.091361999512
3970,95.9310760498047
3971,109.481338500977
3973,97.7424850463867
3974,106.162872314453
3975,116.107696533203
3977,100.810203552246
3979,120.326103210449
3985,94.5635223388672
3986,100.731094360352
3988,110.307258605957
3991,90.79541015625
3992,104.901557922363
3993,91.4454803466797
3994,96.8751373291016
3995,116.552841186523
4005,114.951927185059
4007,88.1249694824219
4008,112.703285217285
4009,90.0431442260742
4010,118.93675994873
4011,80.2264862060547
4012,97.5837707519531
4013,103.953811645508
4015,118.929809570312
4016,108.839546203613
4018,108.843826293945
4025,92.3013153076172
4026,110.948272705078
4028,120.125228881836
4029,92.1136932373047
4031,94.4495697021484
4032,117.015609741211
4033,93.3609161376953
4034,105.344535827637
4037,96.251708984375
4038,99.9321441650391
4039,90.1045837402344
4041,89.2166748046875
4042,113.532165527344
4043,94.2218856811523
4044,102.551246643066
4045,91.1212692260742
4046,125.554634094238
4047,107.147361755371
4048,104.389518737793
4049,93.0787200927734
4051,104.681076049805
4052,109.177284240723
4058,102.56778717041
4062,112.593910217285
4064,119.491668701172
4067,88.0856018066406
4068,80.0159530639648
4070,99.3042373657227
4072,118.470176696777
4074,114.533561706543
4075,87.3231506347656
4076,114.205871582031
4077,95.9557037353516
4078,113.102554321289
4080,102.551246643066
4082,115.279777526855
4085,93.8155975341797
4086,115.584564208984
4088,110.948272705078
4089,93.394287109375
4092,80.3953704833984
4094,100.525749206543
4095,115.022903442383
4096,95.8792724609375
4097,109.090194702148
4102,91.584831237793
4105,118.522552490234
4107,108.496696472168
4111,94.3861923217773
4112,102.929443359375
4113,86.1183853149414
4114,109.017753601074
4115,91.178352355957
4116,119.475761413574
4117,94.0399627685547
4118,88.8959274291992
4119,109.053276062012
4120,94.8998260498047
4122,80.4563446044922
4125,89.5970611572266
4126,115.961517333984
4129,117.925018310547
4134,105.440582275391
4137,93.1440811157227
4141,105.320182800293
4142,100.447547912598
4144,91.46044921875
4145,101.452835083008
4146,97.7161102294922
4150,92.4214782714844
4151,80.0578079223633
4154,88.0856018066406
4156,110.424118041992
4157,112.712440490723
4159,108.839546203613
4160,112.183319091797
4161,109.064727783203
4168,98.8809509277344
4171,100.735649108887
4172,99.9908981323242
4173,88.5443649291992
4175,89.2525100708008
4176,102.551246643066
4177,91.46044921875
4178,103.65389251709
4179,91.8343811035156
4181,120.209762573242
4183,92.1136932373047
4184,115.969398498535
4185,96.2955169677734
4186,117.60514831543
4188,124.86213684082
4190,116.140602111816
4192,92.873405456543
4193,113.413459777832
4194,109.656196594238
4195,100.871917724609
4196,76.6034469604492
4202,92.1136932373047
4203,106.502616882324
4208,100.401657104492
4209,125.360977172852
4210,102.55052947998
4211,111.34587097168
4212,120.117324829102
4214,102.015350341797
4215,90.9112167358398
4216,116.245376586914
4217,92.1701202392578
4219,94.5988235473633
4222,115.072715759277
4224,83.0293960571289
4231,99.6021499633789
4232,92.1136932373047
4234,94.1590347290039
4236,91.46044921875
4237,101.189399719238
4240,87.7945785522461
4242,103.035781860352
4243,88.612434387207
4247,88.392822265625
4248,114.172805786133
4249,91.5602951049805
4254,99.9364395141602
4263,92.935432434082
4265,112.601150512695
4267,108.280921936035
4268,114.582183837891
4271,111.202796936035
4272,97.5399322509766
4273,116.592498779297
4274,114.840934753418
4276,95.4249420166016
4278,90.285285949707
4280,91.6987991333008
4281,113.467880249023
4283,97.1041641235352
4284,113.19261932373
4285,99.546875
4286,122.177322387695
4287,105.553886413574
4288,127.484840393066
4289,92.145622253418
4290,78.68505859375
4293,92.0250244140625
4296,113.45272064209
4297,93.2465591430664
4299,105.803817749023
4303,117.796463012695
4310,94.4534530639648
4312,109.398124694824
4318,100.259742736816
4320,115.333358764648
4322,102.458450317383
4323,120.378662109375
4325,104.162910461426
4326,115.43350982666
4328,107.64720916748
4330,106.34139251709
4332,122.147384643555
4333,95.4949951171875
4335,97.4429702758789
4336,114.020378112793
4338,105.04891204834
4341,92.6787719726562
4342,101.114875793457
4344,102.151931762695
4347,92.3984375
4348,100.243202209473
4351,104.435989379883
4352,91.8030471801758
4353,109.019958496094
4355,103.198181152344
4356,93.8155975341797
4359,116.316421508789
4360,89.1514587402344
4361,92.1408538818359
4364,88.9589157104492
4365,108.730659484863
4368,98.3519973754883
4372,119.890335083008
4374,87.0884857177734
4376,99.4655838012695
4377,107.112564086914
4380,94.0141754150391
4383,106.503570556641
4384,90.285285949707
4385,111.476196289062
4389,93.3583831787109
4391,93.9810562133789
4392,119.32243347168
4393,94.7271194458008
4395,92.172721862793
4396,110.847244262695
4398,119.025367736816
4399,107.673767089844
4401,111.648490905762
4406,105.82145690918
4408,108.119964599609
4412,100.243202209473
4415,95.7777633666992
4418,123.132362365723
4419,87.0884857177734
4420,80.6293563842773
4422,109.535255432129
4423,87.0884857177734
4425,92.0302963256836
4428,111.951187133789
4431,114.576881408691
4434,94.839729309082
4436,92.5662384033203
4437,120.098930358887
4439,117.571235656738
4440,93.7960052490234
4441,115.263793945312
4444,95.1209259033203
4445,103.893814086914
4446,90.3698654174805
4447,122.442314147949
4452,108.718803405762
4456,113.996643066406
4457,93.1681213378906
4458,119.349739074707
4460,93.8155975341797
4461,117.326301574707
4462,110.875160217285
4465,100.524337768555
4466,99.4004440307617
4468,92.6634063720703
4469,111.358337402344
4472,124.36499786377
4475,88.6681671142578
4478,98.776985168457
4479,114.402404785156
4480,92.890869140625
4483,79.2794342041016
4484,90.8648071289062
4485,102.099388122559
4486,95.9310760498047
4488,92.2911834716797
4489,107.904281616211
4490,98.5028228759766
4491,124.462203979492
4492,91.0868148803711
4493,113.893196105957
4494,94.5950775146484
4495,109.181182861328
4498,79.8492126464844
4499,119.072700500488
4500,114.757095336914
4503,117.464057922363
4505,102.676292419434
4506,96.2533264160156
4507,94.2437896728516
4508,100.259742736816
4510,116.509078979492
4511,95.6277160644531
4513,95.9310760498047
4516,80.6306381225586
4519,97.8736038208008
4521,93.1294708251953
4531,93.1383972167969
4532,79.4966354370117
4533,95.8927993774414
4534,136.38835144043
4536,100.259742736816
4537,93.1681213378906
4539,100.400779724121
4542,100.35652923584
4545,89.0628967285156
4549,90.9845428466797
4551,92.2985076904297
4554,122.588096618652
4556,117.376640319824
4559,120.814666748047
4561,115.315124511719
4562,111.072135925293
4566,114.098075866699
4569,92.9160537719727
4570,110.847244262695
4573,91.1634750366211
4574,103.96337890625
4575,93.0791168212891
4577,93.5266342163086
4578,115.072715759277
4580,108.755241394043
4582,94.955436706543
4583,109.535255432129
4585,91.8481063842773
4587,100.259742736816
4595,94.1476669311523
4596,113.693748474121
4601,89.8240966796875
4602,118.698936462402
4603,119.965171813965
4605,116.402420043945
4606,101.260238647461
4607,117.456474304199
4608,92.6569519042969
4610,92.1467590332031
4613,105.082054138184
4617,95.2582931518555
4618,111.570198059082
4619,93.0830307006836
4620,91.6613922119141
4622,114.04564666748
4625,93.8155975341797
4626,100.259742736816
4627,98.959228515625
4629,92.7932357788086
4631,97.184440612793
4633,100.259742736816
4634,126.82593536377
4635,95.7567901611328
4639,88.6016082763672
4640,117.286720275879
4642,102.271614074707
4644,113.172286987305
4646,100.259742736816
4647,92.5292510986328
4648,84.4189987182617
4649,91.125114440918
4650,115.710784912109
4655,90.9845428466797
4660,91.7195816040039
4661,133.188323974609
4662,102.533493041992
4663,114.257705688477
4665,95.4042358398438
4666,114.414207458496
4667,103.766990661621
4668,91.043083190918
4670,91.2199401855469
4671,113.548683166504
4672,98.5371932983398
4673,103.210296630859
4675,103.863052368164
4676,116.592414855957
4677,127.821182250977
4680,93.8539352416992
4682,90.5828170776367
4683,121.673629760742
4685,100.243202209473
4686,103.20760345459
4688,109.968963623047
4690,117.927879333496
4692,110.791748046875
4693,89.0150527954102
4697,91.2513961791992
4700,110.527229309082
4702,109.244979858398
4707,119.139175415039
4708,94.266471862793
4710,80.1843338012695
4716,109.12451171875
4717,94.306755065918
4718,95.3603668212891
4720,92.3748397827148
4721,75.3139801025391
4723,91.4476776123047
4726,116.036979675293
4727,120.204528808594
4729,96.6719741821289
4731,98.2375335693359
4732,124.688743591309
4735,96.9088439941406
4736,107.51717376709
4737,121.095848083496
4738,114.196426391602
4739,113.922172546387
4744,101.620544433594
4747,94.2450103759766
4749,123.171356201172
4750,94.266471862793
4752,110.854423522949
4755,94.2500686645508
4756,110.369422912598
4757,112.327117919922
4758,93.2300720214844
4759,106.342903137207
4763,95.5919570922852
4764,102.333435058594
4765,98.2245941162109
4766,100.183143615723
4767,119.020660400391
4769,118.477828979492
4770,91.3231658935547
4771,80.3769226074219
4772,100.874664306641
4774,110.863624572754
4776,115.050895690918
4777,118.071807861328
4778,94.3485107421875
4780,100.980987548828
4784,92.0537490844727
4786,97.4825210571289
4787,81.4470596313477
4788,95.4532318115234
4789,110.854423522949
4791,103.804344177246
4792,95.9267654418945
4795,107.970527648926
4796,90.0783767700195
4803,92.9502105712891
4805,94.7668075561523
4807,88.9247055053711
4809,95.5399322509766
4816,88.2557983398438
4817,77.0926284790039
4818,92.2986297607422
4820,89.9608917236328
4821,102.340721130371
4823,116.988929748535
4824,93.5325317382812
4825,116.429527282715
4829,100.064422607422
4830,92.564567565918
4831,124.199119567871
4833,97.7873687744141
4836,89.7567596435547
4837,109.968963623047
4838,87.8968200683594
4840,93.2519683837891
4841,81.2687225341797
4842,98.545051574707
4843,120.058876037598
4844,92.3664855957031
4849,107.874412536621
4851,102.265571594238
4852,90.7181701660156
4858,91.2916412353516
4860,92.564567565918
4863,117.042419433594
4864,92.4863586425781
4865,114.510734558105
4867,111.353591918945
4868,103.828384399414
4869,117.374839782715
4873,89.2370529174805
4875,91.539176940918
4876,110.924255371094
4877,92.5588150024414
4878,111.412986755371
4880,80.408073425293
4886,119.245567321777
4888,103.952224731445
4889,91.7092437744141
4890,124.503639221191
4893,92.2337341308594
4895,95.2369003295898
4896,99.9589462280273
4899,94.8959045410156
4901,96.5445556640625
4902,118.400352478027
4903,92.6294479370117
4904,110.854423522949
4910,98.1600952148438
4912,91.8120727539062
4915,91.5111846923828
4916,105.614112854004
4917,93.8580627441406
4920,100.874664306641
4927,103.910415649414
4928,92.5754470825195
4931,105.377182006836
4934,93.6079864501953
4936,103.005500793457
4939,117.527282714844
4942,116.441436767578
4943,89.8155136108398
4944,107.910163879395
4945,94.4642028808594
4947,111.743141174316
4948,95.4595565795898
4951,91.6143493652344
4952,110.854423522949
4953,100.449394226074
4956,92.6294479370117
4957,116.697257995605
4958,95.6718826293945
4960,92.7434005737305
4968,90.8679962158203
4969,115.100646972656
4971,113.324378967285
4973,112.441719055176
4975,115.466606140137
4976,89.285026550293
4978,92.1316299438477
4979,111.01985168457
4982,105.144836425781
4983,113.981735229492
4984,105.850463867188
4985,119.411094665527
4986,97.8468399047852
4987,117.91136932373
4988,95.552864074707
4994,91.4838256835938
4995,89.3319702148438
5002,80.7292251586914
5004,90.4268112182617
5005,103.178092956543
5006,91.2528305053711
5007,106.54931640625
5009,116.048934936523
5011,112.441719055176
5014,90.9530258178711
5015,104.982643127441
5018,92.0044021606445
5019,109.416198730469
5020,92.7523422241211
5021,112.288269042969
5022,102.06022644043
5023,90.096435546875
5025,89.8537521362305
5032,92.9836959838867
5034,99.5439147949219
5036,93.9059295654297
5038,111.015251159668
5039,118.581352233887
5046,90.9245681762695
5049,109.416198730469
5051,112.64916229248
5052,89.5417938232422
5053,110.863624572754
5054,89.8626937866211
5055,97.7883911132812
5057,93.6189956665039
5059,95.6369018554688
5062,97.6205139160156
5063,118.779479980469
5065,117.976455688477
5069,94.1950531005859
5071,98.5553359985352
5074,117.889793395996
5075,92.9814758300781
5076,112.659820556641
5077,80.5131988525391
5079,106.41968536377
5080,90.124267578125
5081,111.753120422363
5083,110.927474975586
5088,101.770011901855
5089,89.9776000976562
5093,107.65259552002
5094,101.70092010498
5095,95.5424346923828
5099,109.684753417969
5101,116.001594543457
5103,100.858131408691
5104,93.099853515625
5105,112.409103393555
5107,92.5138549804688
5108,112.431587219238
5109,91.4198608398438
5111,95.9530944824219
5112,109.788497924805
5113,96.3986511230469
5114,109.432281494141
5115,112.183319091797
5118,96.5317916870117
5122,89.4118194580078
5123,76.9486541748047
5125,90.6142959594727
5127,102.60033416748
5128,92.7334899902344
5129,113.718589782715
5132,91.0060501098633
5134,117.650329589844
5135,90.3960723876953
5137,122.967864990234
5142,94.4714431762695
5143,105.457611083984
5144,92.4444885253906
5148,92.7171401977539
5149,99.8242568969727
5150,101.452835083008
5154,81.2414321899414
5155,94.202751159668
5159,103.13395690918
5164,90.3381271362305
5165,117.730369567871
5166,92.390983581543
5167,121.137893676758
5169,89.50048828125
5171,104.349639892578
5172,115.877922058105
5176,98.6379089355469
5184,107.824829101562
5185,101.90454864502
5186,108.409378051758
5188,103.109413146973
5189,110.06761932373
5190,108.416961669922
5191,117.730369567871
5193,118.327842712402
5196,100.748329162598
5199,78.1325378417969
5200,102.243865966797
5203,86.8443450927734
5204,110.389366149902
5205,99.945671081543
5207,93.0034027099609
5208,115.190010070801
5212,93.7780838012695
5214,93.8715591430664
5218,90.6895217895508
5220,104.905113220215
5222,99.845344543457
5224,96.6176376342773
5225,101.189399719238
5227,116.561531066895
5229,100.344329833984
5232,100.287635803223
5233,117.897560119629
5234,101.630699157715
5237,111.250068664551
5239,121.063995361328
5240,93.1998138427734
5241,110.253356933594
5244,93.671257019043
5248,114.580642700195
5251,91.664680480957
5253,94.0815353393555
5255,92.9402694702148
5256,110.500427246094
5257,92.1085968017578
5259,104.036582946777
5260,119.717308044434
5266,94.3094024658203
5268,95.5428237915039
5275,111.228874206543
5276,121.543952941895
5277,98.6859893798828
5279,93.3968963623047
5280,100.150497436523
5281,94.6684494018555
5283,97.9015655517578
5284,83.9008941650391
5285,88.5561752319336
5286,108.304611206055
5287,94.8748397827148
5289,88.6591491699219
5290,118.327842712402
5292,110.202781677246
5293,91.2705917358398
5294,105.565071105957
5297,91.8460006713867
5299,100.023086547852
5302,92.2078323364258
5305,82.2973327636719
5306,96.1538619995117
5308,98.7729263305664
5309,96.4394989013672
5310,120.629219055176
5312,113.582855224609
5316,121.096450805664
5317,93.455078125
5319,79.7122573852539
5320,89.4028778076172
5323,94.0363540649414
5329,112.443130493164
5331,116.072975158691
5334,122.361045837402
5336,118.773239135742
5338,100.982582092285
5341,94.1581192016602
5345,90.1082992553711
5348,92.8593673706055
5349,117.817909240723
5355,107.853393554688
5356,92.0834579467773
5360,106.887702941895
5362,116.177879333496
5364,110.73356628418
5366,111.580986022949
5367,96.3742980957031
5368,89.4346771240234
5370,95.1187286376953
5371,80.9498138427734
5373,104.339340209961
5375,111.250068664551
5376,88.2492828369141
5378,109.435852050781
5379,93.265983581543
5383,94.2192764282227
5384,103.1044921875
5389,113.544075012207
5391,79.4718246459961
5393,114.519416809082
5395,117.643051147461
5397,113.751319885254
5398,88.3707580566406
5399,120.92497253418
5401,121.474502563477
5402,89.5684051513672
5403,122.124549865723
5404,94.6431579589844
5407,76.6034469604492
5408,96.7740859985352
5413,112.901000976562
5414,93.1151428222656
5417,98.2931060791016
5418,110.202781677246
5420,123.130165100098
5421,97.0977478027344
5424,89.9629516601562
5425,110.389366149902
5426,97.2592926025391
5429,117.653541564941
5431,97.0054092407227
5437,99.3180541992188
5440,85.3840866088867
5444,105.026214599609
5446,104.805320739746
5447,93.0472869873047
5451,92.3939514160156
5452,124.272354125977
5455,101.630699157715
5456,92.6469116210938
5458,89.5573577880859
5459,112.85311126709
5460,90.5238189697266
5462,93.9971389770508
5463,111.196899414062
5464,90.4806060791016
5465,120.838684082031
5466,100.374496459961
5467,103.511726379395
5468,92.868766784668
5469,114.660530090332
5472,95.5176467895508
5474,89.5581283569336
5475,112.994171142578
5476,87.5441207885742
5479,102.430366516113
5480,109.580108642578
5482,118.700187683105
5485,91.2324295043945
5486,121.790679931641
5488,83.495002746582
5495,100.344329833984
5496,93.9656066894531
5497,113.725494384766
5499,110.837219238281
5503,97.5422592163086
5504,91.4755630493164
5507,88.5443649291992
5509,90.5950088500977
5511,92.4069137573242
5512,121.437858581543
5516,109.37003326416
5517,93.9256591796875
5518,99.5185775756836
5521,89.5879974365234
5522,102.768592834473
5527,94.1909484863281
5528,91.5698013305664
5529,107.144393920898
5532,89.0730438232422
5533,120.841400146484
5535,103.750099182129
5536,125.954681396484
5540,102.823211669922
5547,100.268592834473
5548,107.343307495117
5550,81.8526916503906
5551,90.6387329101562
5554,115.558975219727
5555,90.0964584350586
5559,115.839538574219
5560,102.32543182373
5561,113.131973266602
5562,94.1875457763672
5563,119.890716552734
5565,76.9949417114258
5566,92.3097534179688
5567,102.276641845703
5568,100.223388671875
5572,96.5016860961914
5574,93.431266784668
5576,86.6560363769531
5579,114.878959655762
5580,78.0005340576172
5581,97.6263732910156
5583,96.7667007446289
5584,113.245719909668
5586,114.331581115723
5587,99.2792739868164
5589,97.827995300293
5591,102.825126647949
5592,89.1337509155273
5593,119.025428771973
5594,88.3892059326172
5595,77.4142150878906
5596,109.965721130371
5597,109.324165344238
5598,117.819046020508
5599,93.6984252929688
5602,108.272109985352
5603,88.3892059326172
5605,89.1248092651367
5607,98.1339340209961
5608,114.197593688965
5609,89.4663848876953
5610,91.1253662109375
5612,94.1353225708008
5613,107.74951171875
5614,97.3979568481445
5616,92.669189453125
5621,85.9726409912109
5623,87.4606018066406
5628,113.399658203125
5629,89.2626724243164
5631,95.4390029907227
5633,93.5111923217773
5638,100.498718261719
5639,88.9914855957031
5640,106.765747070312
5645,102.74658203125
5646,84.1768951416016
5649,92.6614456176758
5653,115.852630615234
5655,114.535980224609
5656,92.9865493774414
5658,91.1796569824219
5662,123.790046691895
5663,96.946418762207
5667,112.082885742188
5670,93.6984252929688
5671,98.388313293457
5672,91.4427108764648
5673,108.011245727539
5674,94.4146118164062
5675,104.74925994873
5676,89.9627532958984
5679,108.094680786133
5683,109.080619812012
5687,87.8893661499023
5688,81.3443374633789
5690,87.1581192016602
5691,115.962997436523
5692,88.4297180175781
5693,119.44701385498
5694,93.3260192871094
5697,113.378288269043
5698,93.4875564575195
5699,106.640335083008
5704,92.8039779663086
5707,108.094680786133
5709,99.0278015136719
5710,95.4767379760742
5714,89.220588684082
5718,92.8251495361328
5721,96.518440246582
5723,91.9115676879883
5724,118.802093505859
5725,92.1795196533203
5726,118.417083740234
5729,86.8082504272461
5730,100.173675537109
5731,91.8793792724609
5733,82.6365966796875
5736,84.9847640991211
5741,101.139274597168
5745,111.559799194336
5747,95.035530090332
5748,104.176307678223
5750,114.311103820801
5751,86.9247131347656
5752,89.2257690429688
5754,90.5145645141602
5755,89.353401184082
5757,97.8265380859375
5758,117.570327758789
5760,99.7333984375
5762,101.916976928711
5766,106.269836425781
5768,87.8203048706055
5769,118.802116394043
5770,90.6388778686523
5771,111.925430297852
5772,91.0490875244141
5773,109.680061340332
5774,87.1718368530273
5776,92.0375366210938
5777,106.640335083008
5778,90.5392074584961
5780,115.789260864258
5782,88.5726089477539
5783,78.6501541137695
5784,90.5207290649414
5786,95.3075790405273
5788,89.5408096313477
5789,107.083625793457
5790,90.6074523925781
5791,100.359161376953
5793,102.725059509277
5794,86.6352157592773
5796,116.544075012207
5797,96.4804992675781
5801,84.8619918823242
5803,87.8893661499023
5804,111.533485412598
5805,91.6386489868164
5806,81.3641128540039
5808,107.879127502441
5813,93.8482208251953
5815,95.8514022827148
5816,101.012962341309
5822,91.2756042480469
5823,108.048713684082
5825,102.528266906738
5827,113.164184570312
5829,98.388313293457
5830,88.4959487915039
5831,112.259574890137
5832,98.5363082885742
5833,107.879127502441
5837,113.422920227051
5838,92.4136962890625
5839,88.9049758911133
5842,106.765747070312
5844,108.270698547363
5845,100.445816040039
5846,117.294105529785
5848,80.7700576782227
5850,119.074905395508
5851,97.4116744995117
5853,87.8203048706055
5854,103.458221435547
5858,106.765747070312
5860,114.399490356445
5864,106.339088439941
5866,87.0036239624023
5867,108.094680786133
5868,85.4540328979492
5869,114.174461364746
5870,98.5443572998047
5871,113.595497131348
5874,115.279655456543
5876,114.140823364258
5877,92.0169067382812
5878,96.5809097290039
5879,110.03231048584
5880,88.281867980957
5884,87.7160110473633
5886,108.740280151367
5890,110.715965270996
5896,96.736930847168
5897,101.846130371094
5898,87.8203048706055
5901,111.626411437988
5903,111.26936340332
5906,91.1253662109375
5908,109.503059387207
5909,94.6576461791992
5910,107.74951171875
5911,93.5860824584961
5912,108.709968566895
5914,115.279655456543
5919,112.00643157959
5924,109.687400817871
5926,96.0519104003906
5929,101.494216918945
5930,86.8917541503906
5932,93.9616394042969
5933,124.302619934082
5934,94.6511154174805
5935,112.912887573242
5936,100.588973999023
5937,112.929878234863
5938,92.0435562133789
5939,112.285278320312
5942,106.347885131836
5943,90.1356430053711
5944,105.43578338623
5946,107.742713928223
5951,87.1711730957031
5953,105.204002380371
5954,94.1642761230469
5957,101.482643127441
5961,99.4812088012695
5962,104.176948547363
5964,86.590461730957
5965,90.1559219360352
5968,115.361213684082
5969,91.4902801513672
5974,91.6811828613281
5975,113.714691162109
5978,82.8413848876953
5981,101.85285949707
5982,94.2908248901367
5983,107.332229614258
5989,113.93977355957
5991,93.4981307983398
5992,102.657302856445
5995,88.1168365478516
5996,102.580688476562
5997,109.119575500488
5998,91.5079498291016
5999,81.1234588623047
6001,114.016784667969
6002,97.7943344116211
6003,106.240928649902
6004,94.1642761230469
6006,109.869606018066
6007,91.4029922485352
6011,119.394622802734
6012,106.576065063477
6014,93.8741455078125
6015,105.063674926758
6016,91.3823089599609
6017,114.657272338867
6018,88.4008636474609
6024,90.5283355712891
6025,104.157188415527
6026,118.016311645508
6028,117.92253112793
6029,78.1357650756836
6030,100.516204833984
6036,115.361213684082
6040,92.4453125
6041,113.871994018555
6042,94.4135818481445
6044,92.0277404785156
6045,106.021171569824
6047,103.10124206543
6048,90.5774688720703
6049,113.449272155762
6051,120.427536010742
6052,131.98405456543
6053,92.0955429077148
6054,110.55793762207
6058,98.6988677978516
6059,95.6225357055664
6062,88.4391021728516
6063,118.57201385498
6064,100.438446044922
6065,92.4453125
6067,93.3481292724609
6068,116.140922546387
6070,103.425018310547
6071,124.73828125
6072,108.975036621094
6080,108.975036621094
6081,99.011833190918
6084,101.515167236328
6087,92.015869140625
6089,101.511756896973
6092,108.975036621094
6094,90.1988906860352
6095,114.720138549805
6097,124.968193054199
6100,97.208610534668
6104,107.487380981445
6105,89.4755401611328
6106,112.44425201416
6107,85.1798248291016
6108,97.8821487426758
6109,108.975036621094
6110,90.6614379882812
6114,108.975036621094
6116,87.7641830444336
6117,99.5567779541016
6118,89.7622833251953
6123,82.786735534668
6125,114.839561462402
6128,113.491607666016
6130,107.129043579102
6132,112.930931091309
6137,85.3421401977539
6139,120.608818054199
6140,93.6749649047852
6141,124.482162475586
6142,106.22371673584
6144,123.19637298584
6145,98.9912414550781
6146,91.5211868286133
6149,101.591018676758
6156,104.954475402832
6159,116.569137573242
6160,93.6749649047852
6162,100.661712646484
6164,112.80004119873
6165,90.635986328125
6168,80.8448638916016
6169,113.541137695312
6170,89.6544723510742
6171,121.907585144043
6172,95.1974258422852
6173,121.785591125488
6176,87.3888092041016
6177,88.2037048339844
6178,92.4732971191406
6180,96.263801574707
6181,105.890693664551
6182,102.551094055176
6185,88.7732620239258
6186,120.54727935791
6188,120.259895324707
6189,95.6849822998047
6192,101.515167236328
6193,93.2168273925781
6194,106.021171569824
6195,91.7022323608398
6196,122.193367004395
6197,92.6795959472656
6201,113.481025695801
6202,88.8014144897461
6203,115.033645629883
6204,89.5231552124023
6207,125.867767333984
6209,109.315498352051
6210,89.7996520996094
6211,117.408462524414
6213,117.826148986816
6216,94.6341018676758
6217,88.1971054077148
6219,94.9419860839844
6222,78.0327835083008
6223,91.7123718261719
6235,87.5805892944336
6240,91.511360168457
6242,90.1555328369141
6247,94.9119415283203
6251,116.322036743164
6254,118.702331542969
6255,89.7862091064453
6260,104.234085083008
6261,94.1251068115234
6262,111.13005065918
6264,111.704307556152
6269,103.703369140625
6271,101.857574462891
6275,119.897651672363
6276,94.6205062866211
6278,94.2558364868164
6279,116.285034179688
6281,111.456092834473
6284,99.3493576049805
6286,89.0990676879883
6287,76.0335693359375
6288,89.0751953125
6292,91.2930145263672
6293,90.1221389770508
6295,91.9871063232422
6298,108.625228881836
6300,112.203712463379
6304,109.198860168457
6308,108.156303405762
6310,91.7847137451172
6312,108.975036621094
6320,92.5183334350586
6324,102.046478271484
6325,120.105003356934
6330,94.6035614013672
6336,109.528709411621
6340,105.327262878418
6341,87.5805892944336
6342,109.289237976074
6344,88.4086303710938
6345,117.174751281738
6347,114.259254455566
6348,110.803108215332
6349,108.625228881836
6351,82.5649032592773
6353,114.485893249512
6354,90.4187088012695
6357,91.3714141845703
6358,104.569686889648
6360,104.68399810791
6363,113.337936401367
6364,95.2566452026367
6368,119.834007263184
6370,91.8888778686523
6371,89.0514144897461
6377,100.967529296875
6379,83.392951965332
6381,90.4325561523438
6382,83.2892379760742
6383,113.393821716309
6388,122.128692626953
6390,112.28458404541
6392,98.9095153808594
6393,93.6835174560547
6395,94.2403411865234
6398,101.677642822266
6401,82.5693435668945
6402,91.4641036987305
6403,105.097320556641
6405,96.2284851074219
6406,116.933471679688
6407,110.156295776367
6409,101.012405395508
6411,87.1001434326172
6413,91.9982604980469
6416,98.9830169677734
6417,96.8206100463867
6418,98.1140518188477
6419,124.115020751953
6420,112.329307556152
6426,119.702941894531
6429,98.1513519287109
6430,96.4235076904297
6431,105.097320556641
6432,108.602210998535
6434,94.3676223754883
6437,114.630325317383
6438,92.3867111206055
6439,99.8624725341797
6440,89.4961013793945
6441,100.72932434082
6442,106.635871887207
6443,95.8147354125977
6445,94.8208618164062
6448,110.435363769531
6450,115.809761047363
6453,87.3581924438477
6455,92.8068618774414
6457,86.5629501342773
6458,104.240135192871
6461,92.0646667480469
6464,113.557098388672
6467,96.58154296875
6469,93.56591796875
6470,78.3125076293945
6471,92.6723327636719
6473,100.584213256836
6474,90.0009841918945
6479,92.6600952148438
6481,92.7433013916016
6484,114.591026306152
6495,122.293930053711
6496,129.413833618164
6505,115.627067565918
6506,97.6141357421875
6508,86.3336868286133
6509,88.9845275878906
6510,108.404861450195
6512,102.455680847168
6513,91.7160415649414
6514,117.735740661621
6515,97.7071762084961
6519,99.1744842529297
6521,86.5638580322266
6523,82.3143539428711
6525,101.792640686035
6526,89.0606155395508
6528,92.9026947021484
6529,119.69319152832
6531,108.106300354004
6533,100.110130310059
6534,90.1444549560547
6535,110.260528564453
6536,86.5749359130859
6537,116.027061462402
6540,90.5092391967773
6541,113.393821716309
6547,97.9339981079102
6548,109.451141357422
6551,113.711158752441
6553,112.425117492676
6555,100.696411132812
6556,86.5254669189453
6561,82.4790802001953
6564,88.1511535644531
6565,110.260528564453
6568,93.0547561645508
6569,106.635871887207
6573,103.60326385498
6574,96.8005828857422
6577,112.915184020996
6579,113.089965820312
6581,90.7316284179688
6582,106.928886413574
6585,107.561103820801
6586,92.3256912231445
6589,104.281089782715
6590,78.8796081542969
6593,97.9311752319336
6594,112.199653625488
6595,94.3584747314453
6599,91.0802612304688
6600,91.2406997680664
6601,118.028259277344
6602,94.2086639404297
6603,110.435363769531
6604,88.6518402099609
6607,101.235824584961
6608,107.787010192871
6609,91.4312286376953
6611,88.6664199829102
6613,106.635871887207
6614,95.7070465087891
6616,88.6521911621094
6617,106.635871887207
6618,92.437385559082
6619,103.035369873047
6621,100.696411132812
6627,101.126892089844
6629,113.228759765625
6631,81.9752883911133
6634,94.8273086547852
6636,91.3474884033203
6638,93.0547561645508
6639,106.635871887207
6641,110.165237426758
6642,91.3093185424805
6651,117.98201751709
6654,76.8302841186523
6657,92.7418670654297
6663,88.0176696777344
6665,107.774566650391
6666,86.4684219360352
6668,92.7602844238281
6669,100.699508666992
6670,93.5970687866211
6671,90.5829010009766
6673,91.4395904541016
6675,89.338981628418
6676,82.9976196289062
6677,89.1858901977539
6679,95.418701171875
6680,117.60343170166
6681,108.404861450195
6685,104.543571472168
6688,95.5668411254883
6689,90.5673370361328
6690,107.583633422852
6692,106.635871887207
6693,102.65837097168
6694,92.7143630981445
6698,123.976531982422
6699,92.769172668457
6700,115.49787902832
6701,86.5629501342773
6702,115.938278198242
6704,90.5673370361328
6707,114.821517944336
6712,112.938735961914
6713,113.615440368652
6715,91.6677932739258
6721,112.311958312988
6722,94.1073303222656
6723,120.582443237305
6724,90.2188339233398
6725,123.949684143066
6731,119.376396179199
6735,93.1513061523438
6736,92.9809036254883
6737,101.521385192871
6738,105.149887084961
6739,98.2207870483398
6741,103.458190917969
6743,88.9432678222656
6745,92.7602844238281
6747,116.592872619629
6749,91.4112777709961
6750,100.538009643555
6751,119.909149169922
6752,102.850845336914
6753,106.635871887207
6755,123.833572387695
6756,86.4555206298828
6757,103.654396057129
6759,110.632141113281
6761,94.5426635742188
6763,92.6723327636719
6764,119.599578857422
6765,90.2640228271484
6766,114.546844482422
6768,108.795783996582
6771,90.5673370361328
6773,94.7602310180664
6774,89.8315582275391
6778,110.862632751465
6779,101.824401855469
6781,93.0373611450195
6784,100.1552734375
6786,100.212364196777
6787,113.149185180664
6790,98.7310562133789
6793,107.886337280273
6795,106.635871887207
6798,114.628646850586
6806,107.073738098145
6807,89.6052551269531
6810,88.3782119750977
6815,113.44108581543
6816,88.4882202148438
6817,93.4681091308594
6818,89.9692153930664
6819,101.030685424805
6820,88.7026901245117
6822,89.6167526245117
6823,121.813827514648
6824,112.675712585449
6825,89.4167709350586
6828,80.9541625976562
6829,112.668411254883
6831,112.251670837402
6832,84.8267364501953
6833,118.779037475586
6834,92.6723327636719
6836,107.21753692627
6837,112.938735961914
6838,101.025047302246
6840,98.2814865112305
6843,97.3376312255859
6845,98.4478454589844
6846,89.4411163330078
6847,118.925277709961
6851,111.972503662109
6852,92.5315475463867
6853,115.391944885254
6858,95.0749130249023
6861,117.787063598633
6863,118.028259277344
6864,75.3987274169922
6865,93.9235076904297
6866,112.805709838867
6867,95.5027542114258
6868,96.385368347168
6869,93.5257186889648
6870,112.675712585449
6874,112.771606445312
6875,95.5578384399414
6877,108.321586608887
6878,96.9031829833984
6880,123.488922119141
6883,107.708656311035
6884,92.0827255249023
6886,84.6312942504883
6890,89.7407531738281
6893,110.493858337402
6894,91.0986557006836
6899,108.321586608887
6900,92.8167572021484
6904,110.047584533691
6905,115.237564086914
6906,87.9643630981445
6910,93.7506484985352
6912,103.165008544922
6913,116.730758666992
6920,89.6376419067383
6922,91.6391677856445
6923,106.635871887207
6926,96.7391357421875
6927,113.239219665527
6928,88.5171279907227
6931,112.837699890137
6933,96.3232421875
6936,92.4304580688477
6937,112.819313049316
6939,111.40412902832
6941,88.8784637451172
6942,112.685447692871
6943,89.8690719604492
6944,98.5973739624023
6945,86.3930892944336
6946,106.182746887207
6947,119.244232177734
6949,103.044357299805
6951,102.666069030762
6953,119.052452087402
6954,91.5526580810547
6955,116.854583740234
6963,111.108467102051
6964,89.3756561279297
6966,89.7947387695312
6968,87.7463226318359
6970,104.541358947754
6972,117.819969177246
6976,114.519355773926
6978,112.805709838867
6981,100.715744018555
6985,123.757850646973
6986,88.4388046264648
6987,109.394882202148
6989,113.508079528809
6991,121.813827514648
6993,119.789428710938
6994,89.2428512573242
6995,111.661392211914
6996,101.502075195312
6997,112.876762390137
6998,71.1626586914062
7001,113.925079345703
7003,122.039924621582
7006,92.0951232910156
7008,114.760444641113
7010,99.8782577514648
7011,93.9762954711914
7012,109.693870544434
7013,94.654541015625
7014,110.243049621582
7017,102.140647888184
7018,93.4151840209961
7019,98.8242034912109
7023,85.6575622558594
7024,102.677436828613
7025,86.9167938232422
7026,117.72681427002
7027,91.1916656494141
7028,115.765090942383
7030,106.635871887207
7031,89.3994674682617
7033,133.677398681641
7036,88.4804229736328
7037,90.0096740722656
7039,94.5316925048828
7044,92.0976486206055
7045,112.938735961914
7046,86.4154281616211
7049,96.5154342651367
7050,90.4430847167969
7051,104.541358947754
7054,106.645606994629
7055,91.6234283447266
7057,91.4873123168945
7060,108.321586608887
7061,87.3457412719727
7063,87.1654815673828
7064,109.611328125
7067,123.488922119141
7071,90.023567199707
7074,98.8673934936523
7075,91.9996032714844
7078,112.938735961914
7079,90.5673370361328
7080,130.543502807617
7081,87.2458724975586
7082,113.601104736328
7083,92.4180068969727
7085,116.623329162598
7092,100.203018188477
7094,92.1945343017578
7100,89.2327194213867
7101,117.758720397949
7102,112.805709838867
7104,116.089965820312
7105,87.3457412719727
7106,91.1463928222656
7107,102.423683166504
7108,78.6515426635742
7109,90.1849899291992
7110,112.819313049316
7112,89.4892272949219
7113,108.404861450195
7114,95.7875595092773
7116,113.435218811035
7117,86.5165252685547
7118,101.185134887695
7120,95.8702774047852
7121,103.917175292969
7123,105.559532165527
7124,107.45532989502
7127,108.581344604492
7131,104.750419616699
7132,89.9692153930664
7133,102.064888000488
7134,114.097984313965
7135,89.7506408691406
7136,114.850639343262
7137,87.9587936401367
7141,91.9369735717773
7144,101.012405395508
7147,115.291969299316
7148,98.1932754516602
7150,91.8168487548828
7151,95.8702774047852
7152,99.5683670043945
7154,91.2434768676758
7156,99.5693969726562
7157,102.824493408203
7159,118.545692443848
7161,93.0498886108398
7163,87.1187515258789
7164,92.7725296020508
7167,77.1803817749023
7169,101.500518798828
7170,114.192390441895
7173,91.0703353881836
7174,110.978843688965
7177,112.602638244629
7178,101.834602355957
7179,84.6302337646484
7180,74.2936477661133
7181,113.615196228027
7182,96.1867370605469
7184,91.7160415649414
7185,114.63143157959
7186,97.9039764404297
7187,121.348052978516
7188,87.4191360473633
7189,116.201675415039
7191,98.7223205566406
7193,113.961532592773
7197,98.7910461425781
7199,95.0470733642578
7200,113.601104736328
7201,89.7506408691406
7204,94.0692367553711
7207,108.866722106934
7209,118.028259277344
7210,91.7656402587891
7211,98.6824340820312
7213,99.0016250610352
7214,112.876762390137
7216,113.255889892578
7217,106.461326599121
7220,111.055267333984
7224,106.635871887207
7225,98.4551849365234
7226,113.255889892578
7227,90.6119995117188
7234,114.63143157959
7236,89.876350402832
7239,105.103744506836
7240,115.555297851562
7242,119.400703430176
7244,122.021743774414
7245,89.4437103271484
7247,108.530960083008
7248,102.095542907715
7249,119.982772827148
7250,122.033348083496
7251,98.4335021972656
7252,119.724098205566
7253,75.9935989379883
7256,94.8234405517578
7260,91.8871459960938
7261,113.388748168945
7264,87.8983001708984
7269,116.552780151367
7270,106.384246826172
7273,106.982147216797
7279,87.7903594970703
7281,114.968353271484
7284,113.539123535156
7285,113.554626464844
7286,118.543975830078
7287,89.0170822143555
7289,98.8272171020508
7292,87.6317138671875
7293,110.726753234863
7296,93.4731216430664
7297,115.343856811523
7298,106.056999206543
7299,119.401832580566
7301,101.318008422852
7304,112.746116638184
7306,114.119316101074
7308,98.8272171020508
7309,99.0016860961914
7312,84.5008087158203
7313,75.9935989379883
7314,91.0563201904297
7316,101.989799499512
7319,115.581031799316
7321,93.6145248413086
7323,96.4670028686523
7324,105.730606079102
7325,88.5458221435547
7328,103.930564880371
7330,79.1342620849609
7334,88.5458221435547
7337,114.680946350098
7338,92.3512191772461
7339,88.5891189575195
7341,90.6099243164062
7342,114.614677429199
7344,110.322021484375
7345,107.073989868164
7347,114.252922058105
7349,114.968353271484
7350,85.537712097168
7353,116.432090759277
7355,112.500541687012
7356,86.1406707763672
7357,118.239151000977
7358,88.1059417724609
7360,89.8605499267578
7363,106.742088317871
7364,88.8605270385742
7366,96.0660629272461
7368,90.7744216918945
7369,107.621765136719
7370,87.7573776245117
7373,96.0296630859375
7374,115.49462890625
7375,90.0921096801758
7377,125.946800231934
7379,91.6659240722656
7380,120.300003051758
7382,110.682258605957
7383,96.5784072875977
7385,92.1613998413086
7386,101.771293640137
7391,85.3620147705078
7394,116.648063659668
7396,122.033348083496
7397,89.6533203125
7399,117.046607971191
7400,100.394798278809
7403,78.4748001098633
7405,114.558670043945
7408,113.81575012207
7414,115.758460998535
7416,98.9949035644531
7417,91.6389389038086
7419,90.3780822753906
7420,120.362892150879
7421,87.2579879760742
7422,89.5624923706055
7423,102.626754760742
7425,79.2441711425781
7430,89.0842208862305
7432,94.8208618164062
7433,91.8967056274414
7434,117.013809204102
7436,107.776641845703
7437,85.243034362793
7438,109.119354248047
7440,102.546501159668
7441,93.2566604614258
7442,111.195411682129
7445,114.332588195801
7446,100.559768676758
7448,114.172721862793
7450,100.13843536377
7451,99.8610076904297
7454,114.593032836914
7455,93.8959426879883
7457,117.509902954102
7459,99.7272567749023
7462,92.5704956054688
7464,99.8610076904297
7465,105.606132507324
7466,90.5323028564453
7467,111.361778259277
7469,119.145858764648
7472,88.9049606323242
7473,106.927261352539
7479,88.5458221435547
7480,105.656555175781
7484,113.90104675293
7491,92.4925537109375
7494,108.722328186035
7495,94.9746017456055
7501,105.309074401855
7503,89.2381973266602
7504,108.874374389648
7505,89.0747833251953
7508,113.505447387695
7509,88.2906112670898
7510,75.9935989379883
7511,116.128044128418
7515,90.4882278442383
7516,99.7631988525391
7517,88.3980865478516
7518,104.368034362793
7519,96.6357345581055
7521,100.360214233398
7522,98.5794372558594
7524,107.273384094238
7526,103.834800720215
7527,88.177375793457
7528,98.5450057983398
7529,95.292366027832
7534,119.823867797852
7537,115.57096862793
7538,95.5337219238281
7540,112.328117370605
7541,114.785583496094
7545,113.568153381348
7551,118.826354980469
7553,96.6163330078125
7554,101.307647705078
7555,89.6669769287109
7561,114.140350341797
7562,88.9325103759766
7564,94.2368774414062
7565,105.180740356445
7566,96.5522689819336
7567,114.193580627441
7569,105.118194580078
7570,91.353141784668
7571,118.567337036133
7572,89.5754089355469
7574,105.903938293457
7578,118.138023376465
7579,99.5036010742188
7586,89.1295776367188
7587,76.1544799804688
7590,103.104484558105
7593,106.927261352539
7594,94.2234420776367
7595,96.5522689819336
7600,89.4151458740234
7601,79.1799468994141
7602,85.8412322998047
7603,116.404037475586
7604,90.6217346191406
7606,99.9580307006836
7608,127.684089660645
7613,81.5623245239258
7615,113.932685852051
7616,108.998001098633
7617,113.675773620605
7618,88.177375793457
7619,103.447731018066
7622,101.058776855469
7623,97.2755126953125
7624,90.9877319335938
7625,99.1024551391602
7626,97.6118927001953
7627,101.69669342041
7628,80.4689407348633
7631,96.8753890991211
7632,104.342094421387
7633,92.6667633056641
7634,119.736236572266
7635,92.3831787109375
7636,112.190132141113
7637,112.190132141113
7639,96.0018081665039
7640,80.5671997070312
7644,114.001937866211
7645,88.6684417724609
7648,102.476593017578
7649,88.0256958007812
7650,112.179054260254
7652,105.606132507324
7653,91.1815414428711
7655,89.1760177612305
7659,128.886154174805
7662,106.010696411133
7664,89.2610168457031
7666,103.474830627441
7668,92.2809524536133
7669,109.585517883301
7670,91.1076965332031
7672,92.7615356445312
7673,109.334800720215
7678,89.4393463134766
7679,76.3532638549805
7680,99.6425094604492
7683,93.526985168457
7685,118.543975830078
7688,100.526359558105
7690,107.854682922363
7692,100.603057861328
7693,98.1531982421875
7695,114.680946350098
7696,88.0406646728516
7698,99.756591796875
7699,112.317428588867
7702,93.8593673706055
7703,112.569259643555
7704,92.8504333496094
7707,116.128044128418
7713,79.9721603393555
7715,104.840354919434
7717,112.531860351562
7718,89.9198455810547
7719,108.414070129395
7721,116.04475402832
7722,95.5396041870117
7725,98.4744644165039
7727,101.104522705078
7730,82.4677810668945
7733,86.4849548339844
7735,103.121688842773
7740,112.569259643555
7741,114.44766998291
7742,89.7232513427734
7744,115.499450683594
7747,94.2286529541016
7750,81.0783157348633
7752,115.220848083496
7754,117.370498657227
7756,110.399208068848
7757,92.4593811035156
7758,100.972717285156
7760,99.6425094604492
7761,111.092559814453
7763,117.574714660645
7765,89.8672103881836
7767,112.190132141113
7768,102.579040527344
7771,85.6548080444336
7773,93.6716842651367
7774,108.165023803711
7776,99.0793228149414
7779,93.3670043945312
7783,93.3208084106445
7786,106.487091064453
7787,98.6360168457031
7789,86.6397705078125
7791,92.0089263916016
7793,89.9348373413086
7794,109.415596008301
7795,87.3558120727539
7799,78.6692810058594
7800,106.597129821777
7802,96.8980026245117
7805,116.448577880859
7807,102.052124023438
7808,95.2024230957031
7811,103.205810546875
7817,108.998001098633
7818,104.342094421387
7819,99.6100463867188
7822,89.4649887084961
7823,115.460319519043
7825,113.349433898926
7828,91.6833114624023
7832,91.8871459960938
7833,78.306396484375
7834,107.736358642578
7835,93.1841354370117
7837,95.1791076660156
7840,98.5678634643555
7842,86.7130661010742
7843,111.676536560059
7844,90.9491577148438
7846,111.092559814453
7850,92.3069152832031
7853,110.45662689209
7855,118.01953125
7858,91.5383529663086
7863,114.063522338867
7865,113.230125427246
7866,92.8167724609375
7868,113.270141601562
7869,114.071647644043
7871,77.4576797485352
7872,97.6162872314453
7874,105.544128417969
7877,108.151252746582
7878,88.6684417724609
7879,119.789100646973
7881,92.8994674682617
7883,94.0467834472656
7885,105.411834716797
7886,96.6163330078125
7889,102.168983459473
7890,112.280281066895
7891,94.7945404052734
7893,89.5045547485352
7894,100.276481628418
7896,112.179054260254
7898,100.924438476562
7901,96.2704696655273
7902,114.252922058105
7904,114.86254119873
7905,91.4444885253906
7906,120.270179748535
7909,99.8714599609375
7910,99.5808486938477
7913,91.9560852050781
7918,115.411468505859
7919,89.2453079223633
7923,88.4266204833984
7925,111.072479248047
7927,96.8917007446289
7930,88.995475769043
7932,88.0478057861328
7933,89.0233306884766
7935,96.9131317138672
7939,102.041656494141
7942,98.0217819213867
7943,111.232872009277
7945,100.543800354004
7946,90.7744216918945
7948,90.6106491088867
7949,106.927261352539
7950,91.5625915527344
7951,112.190132141113
7955,105.187835693359
7959,88.8605270385742
7960,112.569259643555
7961,93.1524124145508
7962,104.632476806641
7964,102.574844360352
7965,87.0482940673828
7966,114.001937866211
7967,102.99242401123
7968,89.0693511962891
7971,105.300003051758
7974,89.2453079223633
7976,115.559814453125
7978,112.834495544434
7982,112.569259643555
7983,99.5485610961914
7984,100.778450012207
7986,92.4337539672852
7989,106.927261352539
7991,114.252922058105
7992,112.582145690918
7993,104.27986907959
7994,113.975006103516
7995,91.8871459960938
7997,85.9746551513672
7998,100.778450012207
7999,108.998001098633
8002,96.329460144043
8007,88.7137908935547
8009,92.168342590332
8011,91.965446472168
8013,96.1769409179688
8015,99.5540084838867
8017,112.00895690918
8019,118.543975830078
8023,88.5990447998047
8024,114.614677429199
8026,113.711158752441
8027,92.2042770385742
8029,89.1080017089844
8030,111.653877258301
8031,92.2598495483398
8033,88.5668411254883
8035,90.0448989868164
8036,101.553741455078
8039,97.7538223266602
8042,91.0271301269531
8044,95.8688583374023
8046,81.9492950439453
8048,117.977073669434
8049,91.4444885253906
8050,100.601097106934
8053,90.2882461547852
8054,96.7132873535156
8059,88.7732238769531
8061,89.9937973022461
8062,107.806282043457
8064,105.972106933594
8066,120.225028991699
8067,90.7400207519531
8068,89.6177978515625
8070,90.2268753051758
8071,111.431732177734
8072,88.0185012817383
8076,94.8543090820312
8080,91.5646057128906
8081,120.26342010498
8084,125.089233398438
8087,127.527740478516
8089,91.7354583740234
8090,119.805999755859
8091,107.606964111328
8094,118.462181091309
8100,88.2333679199219
8101,89.2238693237305
8110,87.619140625
8111,114.252922058105
8112,87.7621612548828
8115,115.151741027832
8116,88.9342803955078
8118,105.972106933594
8121,124.621360778809
8125,115.382209777832
8127,120.631423950195
8128,92.8546524047852
8129,112.698265075684
8131,98.0346298217773
8138,88.2096328735352
8139,102.68733215332
8140,87.9471206665039
8141,93.6716842651367
8142,110.24340057373
8143,115.54273223877
8145,113.711158752441
8146,97.5274353027344
8148,115.173149108887
8153,114.988647460938
8154,89.7903213500977
8155,106.313941955566
8161,88.439208984375
8162,113.234466552734
8163,88.2906112670898
8166,114.973213195801
8168,117.12085723877
8170,102.505294799805
8172,116.61604309082
8173,91.5708312988281
8176,105.815414428711
8179,88.3675537109375
8181,93.1144409179688
8182,119.327674865723
8184,111.608871459961
8190,100.826820373535
8191,93.8921737670898
8194,121.842376708984
8196,115.378860473633
8198,118.059715270996
8199,110.191856384277
8201,115.325325012207
8202,93.6406631469727
8207,87.9244995117188
8208,115.943031311035
8211,113.719711303711
8214,100.53840637207
8217,89.6096420288086
8218,119.151298522949
8222,90.6741714477539
8229,96.8645553588867
8231,92.6650695800781
8233,104.014633178711
8236,90.9798889160156
8238,119.503448486328
8240,103.264625549316
8243,98.7171478271484
8246,113.635070800781
8250,95.8431091308594
8254,95.7794799804688
8256,77.9407272338867
8257,112.374290466309
8258,85.7556304931641
8260,93.5899429321289
8261,110.492820739746
8263,116.522514343262
8264,88.2315444946289
8267,112.32982635498
8268,92.6852645874023
8271,88.4392776489258
8272,115.943031311035
8275,100.746994018555
8276,96.4240417480469
8277,102.535095214844
8278,110.376174926758
8279,91.6054306030273
8280,109.85506439209
8281,98.3907089233398
8282,112.410202026367
8287,122.941215515137
8288,90.6913146972656
8289,118.038246154785
8294,93.6977310180664
8296,87.9826202392578
8299,114.417106628418
8302,103.165786743164
8308,114.353614807129
8314,99.230339050293
8315,89.2385559082031
8316,112.787559509277
8317,95.647346496582
8319,112.500373840332
8320,98.7964553833008
8321,111.069511413574
8323,100.310470581055
8325,99.7958450317383
8326,112.562034606934
8328,117.62410736084
8330,116.87866973877
8331,92.4624938964844
8332,132.296966552734
8334,90.7959671020508
8338,91.4710540771484
8339,96.6270141601562
8341,93.8190002441406
8345,103.177261352539
8346,93.4574279785156
8347,99.8659057617188
8349,93.176513671875
8351,89.5632858276367
8352,109.619018554688
8353,117.62410736084
8355,112.745704650879
8358,108.349891662598
8359,115.713310241699
8360,88.3483581542969
8361,112.98518371582
8363,101.995964050293
8364,92.967414855957
8365,94.7905807495117
8366,109.184051513672
8370,113.191535949707
8372,89.0685195922852
8376,94.8620986938477
8377,117.672515869141
8379,113.588027954102
8380,91.2065811157227
8381,118.866607666016
8386,90.7068099975586
8388,99.0608367919922
8389,85.0746841430664
8391,113.812065124512
8394,95.7794799804688
8396,106.036605834961
8398,101.152366638184
8400,115.127059936523
8401,87.2910232543945
8404,93.8190002441406
8407,95.3493728637695
8408,116.664611816406
8409,117.065269470215
8410,109.682640075684
8411,103.87060546875
8413,97.5754165649414
8414,110.58406829834
8416,91.9065780639648